Gene Symbol,Gene ID,Disease Name,Disease ID,Direct Evidence,Inference Network,Inference Score,Reference Count
IFI27,3429,Celiac Disease,MESH:D002446,marker/mechanism,Azathioprine|tofacitinib,6.62,3
IFNG,3458,Celiac Disease,MESH:D002446,marker/mechanism,Azathioprine|Mesalamine|Prednisone|tofacitinib,6.02,4
MMP3,4314,Celiac Disease,MESH:D002446,marker/mechanism,Azathioprine|tofacitinib,5.38,3
IL21,59067,Celiac Disease,MESH:D002446,marker/mechanism,tofacitinib,4.69,2
CXCL11,6373,Celiac Disease,MESH:D002446,marker/mechanism,tofacitinib,4.18,2
IL15,3600,Celiac Disease,MESH:D002446,marker/mechanism,tofacitinib,4.14,1
CXCL9,4283,Celiac Disease,MESH:D002446,marker/mechanism,tofacitinib,3.97,2
CXCL10,3627,Celiac Disease,MESH:D002446,marker/mechanism,tofacitinib,3.67,2
SLC6A14,11254,Celiac Disease,MESH:D002446,marker/mechanism,Azathioprine,3.61,2
UBD,10537,Celiac Disease,MESH:D002446,marker/mechanism,Azathioprine,3.24,2
APOC3,345,Celiac Disease,MESH:D002446,marker/mechanism,Azathioprine,3.22,2
VNN1,8876,Celiac Disease,MESH:D002446,marker/mechanism,Azathioprine,3.18,2
MMP12,4321,Celiac Disease,MESH:D002446,marker/mechanism,Azathioprine,3.15,2
S100A9,6280,Celiac Disease,MESH:D002446,marker/mechanism,Azathioprine,2.99,2
PCK1,5105,Celiac Disease,MESH:D002446,marker/mechanism,Azathioprine,2.87,2
CD36,948,Celiac Disease,MESH:D002446,marker/mechanism,Azathioprine,2.77,2
ACE,1636,Celiac Disease,MESH:D002446,marker/mechanism,,,1
APOB,338,Celiac Disease,MESH:D002446,marker/mechanism,,,1
ASAH2,56624,Celiac Disease,MESH:D002446,marker/mechanism,,,1
BACH2,60468,Celiac Disease,MESH:D002446,marker/mechanism,,,1
CAPN8,388743,Celiac Disease,MESH:D002446,marker/mechanism,,,1
CCR4,1233,Celiac Disease,MESH:D002446,marker/mechanism,,,1
CD80,941,Celiac Disease,MESH:D002446,marker/mechanism,,,1
CTLA4,1493,Celiac Disease,MESH:D002446,marker/mechanism,,,1
ETS1,2113,Celiac Disease,MESH:D002446,marker/mechanism,,,1
FCGR3A,2214,Celiac Disease,MESH:D002446,marker/mechanism,,,1
GBP5,115362,Celiac Disease,MESH:D002446,marker/mechanism,,,1
HLA-DPB1,3115,Celiac Disease,MESH:D002446,marker/mechanism,,,1
ICOSLG,23308,Celiac Disease,MESH:D002446,marker/mechanism,,,1
LCN2,3934,Celiac Disease,MESH:D002446,marker/mechanism,,,1
LPL,4023,Celiac Disease,MESH:D002446,marker/mechanism,,,1
LRAT,9227,Celiac Disease,MESH:D002446,marker/mechanism,,,1
MYO9B,4650,Celiac Disease,MESH:D002446,marker/mechanism,,,1
PIWIL2,55124,Celiac Disease,MESH:D002446,marker/mechanism,,,1
RUNX3,864,Celiac Disease,MESH:D002446,marker/mechanism,,,1
SOAT2,8435,Celiac Disease,MESH:D002446,marker/mechanism,,,1
TFF1,7031,Celiac Disease,MESH:D002446,marker/mechanism,,,1
TGM2,7052,Celiac Disease,MESH:D002446,marker/mechanism,,,1
THEMIS,387357,Celiac Disease,MESH:D002446,marker/mechanism,,,1
TNFRSF14,8764,Celiac Disease,MESH:D002446,marker/mechanism,,,1
TNFRSF9,3604,Celiac Disease,MESH:D002446,marker/mechanism,,,1
UGT1A4,54657,Celiac Disease,MESH:D002446,marker/mechanism,,,1
UPB1,51733,Celiac Disease,MESH:D002446,marker/mechanism,,,1
ZMIZ1,57178,Celiac Disease,MESH:D002446,marker/mechanism,,,1
IL4,3565,Celiac Disease,MESH:D002446,,Azathioprine|Mesalamine|Prednisone|tofacitinib,7.72,3
IFI35,3430,Celiac Disease,MESH:D002446,,Azathioprine|tofacitinib,7.09,2
OAS1,4938,Celiac Disease,MESH:D002446,,Azathioprine|tofacitinib,7.04,2
SLC15A1,6564,Celiac Disease,MESH:D002446,,Azathioprine|Vitamin B 12,6.88,2
IFI44,10561,Celiac Disease,MESH:D002446,,Azathioprine|tofacitinib,6.81,2
BST2,684,Celiac Disease,MESH:D002446,,Azathioprine|tofacitinib,6.67,2
MX1,4599,Celiac Disease,MESH:D002446,,Azathioprine|tofacitinib,6.44,2
RSAD2,91543,Celiac Disease,MESH:D002446,,Azathioprine|tofacitinib,6.41,2
IFIT3,3437,Celiac Disease,MESH:D002446,,Azathioprine|tofacitinib,6.37,2
IL23A,51561,Celiac Disease,MESH:D002446,,Azathioprine|tofacitinib,6.34,2
IL6R,3570,Celiac Disease,MESH:D002446,,Azathioprine|tofacitinib,6.22,2
IFIT1,3434,Celiac Disease,MESH:D002446,,Azathioprine|tofacitinib,6.19,2
TGFB1,7040,Celiac Disease,MESH:D002446,,Azathioprine|Mesalamine|Prednisone|tofacitinib,6.19,3
IRF7,3665,Celiac Disease,MESH:D002446,,Azathioprine|tofacitinib,6.07,2
ISG15,9636,Celiac Disease,MESH:D002446,,Azathioprine|tofacitinib,6.00,2
CDKN2B,1030,Celiac Disease,MESH:D002446,,Azathioprine|Prednisone,5.91,1
FATP1,26067068,Celiac Disease,MESH:D002446,,Vitamin B 12,5.87,1
CCL20,6364,Celiac Disease,MESH:D002446,,Azathioprine|Mesalamine,5.65,2
HSD11B2,3291,Celiac Disease,MESH:D002446,,Azathioprine|Prednisone,5.62,1
AKR1C1,1645,Celiac Disease,MESH:D002446,,Azathioprine|tofacitinib,5.35,2
IL12A,3592,Celiac Disease,MESH:D002446,,Azathioprine|Prednisone,5.27,1
TYMS,7298,Celiac Disease,MESH:D002446,,Azathioprine|Prednisone,5.26,1
ABCB1,5243,Celiac Disease,MESH:D002446,,Azathioprine|Prednisone|Vitamin B 12,5.21,2
STAT1,6772,Celiac Disease,MESH:D002446,,Azathioprine|tofacitinib,4.94,2
IL23R,149233,Celiac Disease,MESH:D002446,,tofacitinib,4.83,1
S100A7,6278,Celiac Disease,MESH:D002446,,tofacitinib,4.79,1
JUN,3725,Celiac Disease,MESH:D002446,,Azathioprine|Prednisone|tofacitinib,4.78,2
VEGFA,7422,Celiac Disease,MESH:D002446,,Mesalamine|Prednisone|tofacitinib,4.78,3
KLHL31,401265,Celiac Disease,MESH:D002446,,tofacitinib,4.74,1
IL12B,3593,Celiac Disease,MESH:D002446,,Azathioprine|Prednisone,4.72,1
IL2,3558,Celiac Disease,MESH:D002446,,Mesalamine|tofacitinib,4.71,2
ACTA2,59,Celiac Disease,MESH:D002446,,Mesalamine|Vitamin B 12,4.70,2
ABCC3,8714,Celiac Disease,MESH:D002446,,Azathioprine|Prednisone,4.63,1
FUT2,2524,Celiac Disease,MESH:D002446,,Vitamin B 12,4.63,1
ABCD4,5826,Celiac Disease,MESH:D002446,,Vitamin B 12,4.58,1
GCLM,2730,Celiac Disease,MESH:D002446,,Azathioprine|Mesalamine,4.56,2
SFRP5,6425,Celiac Disease,MESH:D002446,,tofacitinib,4.56,1
SI,6476,Celiac Disease,MESH:D002446,,Vitamin B 12,4.55,1
AMPD2,271,Celiac Disease,MESH:D002446,,tofacitinib,4.50,1
FOLH1,2346,Celiac Disease,MESH:D002446,,Vitamin B 12,4.43,1
IFNA1,3439,Celiac Disease,MESH:D002446,,tofacitinib,4.42,1
KRT16,3868,Celiac Disease,MESH:D002446,,tofacitinib,4.40,1
MMACHC,25974,Celiac Disease,MESH:D002446,,Vitamin B 12,4.40,1
AXIN1,8312,Celiac Disease,MESH:D002446,,Vitamin B 12,4.37,1
SAA2,6289,Celiac Disease,MESH:D002446,,tofacitinib,4.37,1
IL1A,3552,Celiac Disease,MESH:D002446,,Azathioprine|Mesalamine,4.35,2
OSM,5008,Celiac Disease,MESH:D002446,,tofacitinib,4.35,1
PRDM16,63976,Celiac Disease,MESH:D002446,,tofacitinib,4.35,1
OAS2,4939,Celiac Disease,MESH:D002446,,tofacitinib,4.34,1
GSTM1,2944,Celiac Disease,MESH:D002446,,Azathioprine|Prednisone,4.33,1
NMRAL2P,344887,Celiac Disease,MESH:D002446,,Azathioprine,4.33,1
CCL13,6357,Celiac Disease,MESH:D002446,,Prednisone,4.32,1
GPT,2875,Celiac Disease,MESH:D002446,,Azathioprine|Mesalamine,4.31,2
MMUT,4594,Celiac Disease,MESH:D002446,,Vitamin B 12,4.31,1
JAK3,3718,Celiac Disease,MESH:D002446,,tofacitinib,4.30,1
CXCL13,10563,Celiac Disease,MESH:D002446,,tofacitinib,4.26,1
LPPR1,100380609,Celiac Disease,MESH:D002446,,Azathioprine,4.26,1
MX2,4600,Celiac Disease,MESH:D002446,,tofacitinib,4.26,1
PEMT,10400,Celiac Disease,MESH:D002446,,Vitamin B 12,4.26,1
ZNF554,115196,Celiac Disease,MESH:D002446,,Azathioprine,4.26,1
SERPINE1,5054,Celiac Disease,MESH:D002446,,Azathioprine|Vitamin B 12,4.24,2
STAT2,6773,Celiac Disease,MESH:D002446,,tofacitinib,4.24,1
IL1B,3553,Celiac Disease,MESH:D002446,,Azathioprine|Mesalamine|tofacitinib|Vitamin B 12,4.23,4
IRF9,10379,Celiac Disease,MESH:D002446,,tofacitinib,4.23,1
GCLC,2729,Celiac Disease,MESH:D002446,,Azathioprine|Mesalamine,4.21,2
GLI1,2735,Celiac Disease,MESH:D002446,,tofacitinib,4.21,1
ARRB1,408,Celiac Disease,MESH:D002446,,Mesalamine,4.20,1
CCL15,6359,Celiac Disease,MESH:D002446,,Azathioprine,4.20,1
KCNN4,3783,Celiac Disease,MESH:D002446,,Mesalamine,4.20,1
TCN2,6948,Celiac Disease,MESH:D002446,,Vitamin B 12,4.20,1
ZG16B,124220,Celiac Disease,MESH:D002446,,Azathioprine,4.20,1
OPRD1,4985,Celiac Disease,MESH:D002446,,Mesalamine,4.18,1
SAA1,6288,Celiac Disease,MESH:D002446,,tofacitinib,4.18,1
ODAM,54959,Celiac Disease,MESH:D002446,,Azathioprine,4.17,1
SLCO1B3,28234,Celiac Disease,MESH:D002446,,Mesalamine,4.17,1
USP18,11274,Celiac Disease,MESH:D002446,,tofacitinib,4.17,1
AS3MT,57412,Celiac Disease,MESH:D002446,,Vitamin B 12,4.16,1
HBA1,3039,Celiac Disease,MESH:D002446,,Vitamin B 12,4.16,1
AMZ2P1,201283,Celiac Disease,MESH:D002446,,Azathioprine,4.15,1
MTR,4548,Celiac Disease,MESH:D002446,,Vitamin B 12,4.15,1
SHH,6469,Celiac Disease,MESH:D002446,,tofacitinib,4.15,1
ZNF555,148254,Celiac Disease,MESH:D002446,,Azathioprine,4.15,1
LHCGR,3973,Celiac Disease,MESH:D002446,,tofacitinib,4.14,1
SDHA,6389,Celiac Disease,MESH:D002446,,tofacitinib,4.14,1
STAT3,6774,Celiac Disease,MESH:D002446,,Azathioprine|tofacitinib,4.14,2
STAT6,6778,Celiac Disease,MESH:D002446,,tofacitinib,4.14,1
C1ORF131,128061,Celiac Disease,MESH:D002446,,Azathioprine,4.12,1
IFITM1,8519,Celiac Disease,MESH:D002446,,tofacitinib,4.12,1
TNF,7124,Celiac Disease,MESH:D002446,,Azathioprine|Mesalamine|Prednisone|tofacitinib|Vitamin B 12,4.12,4
ZFP459,328274,Celiac Disease,MESH:D002446,,Azathioprine,4.12,1
GUCY1B1,2983,Celiac Disease,MESH:D002446,,Vitamin B 12,4.11,1
STAT5A,6776,Celiac Disease,MESH:D002446,,tofacitinib,4.10,1
NFATC1,4772,Celiac Disease,MESH:D002446,,tofacitinib,4.09,1
RORC,6097,Celiac Disease,MESH:D002446,,tofacitinib,4.08,1
NAT1,9,Celiac Disease,MESH:D002446,,Mesalamine,4.06,1
RELB,5971,Celiac Disease,MESH:D002446,,tofacitinib,4.06,1
COX1,4512,Celiac Disease,MESH:D002446,,tofacitinib,4.05,1
GUCY1A1,2982,Celiac Disease,MESH:D002446,,Vitamin B 12,4.05,1
SLC5A1,6523,Celiac Disease,MESH:D002446,,Vitamin B 12,4.05,1
TPM3,7170,Celiac Disease,MESH:D002446,,Mesalamine,4.05,1
USP35,57558,Celiac Disease,MESH:D002446,,Azathioprine,4.05,1
NFKB2,4791,Celiac Disease,MESH:D002446,,tofacitinib,4.04,1
CTSK,1513,Celiac Disease,MESH:D002446,,tofacitinib,4.03,1
CYP4A10,13117,Celiac Disease,MESH:D002446,,Vitamin B 12,4.03,1
UCP1,7350,Celiac Disease,MESH:D002446,,tofacitinib,4.03,1
JAK1,3716,Celiac Disease,MESH:D002446,,tofacitinib,4.02,1
MAT2A,4144,Celiac Disease,MESH:D002446,,Vitamin B 12,4.02,1
PSEN1,5663,Celiac Disease,MESH:D002446,,Vitamin B 12,4.02,1
C3ORF70,285382,Celiac Disease,MESH:D002446,,Azathioprine,4.01,1
HHIPL2,79802,Celiac Disease,MESH:D002446,,Azathioprine,4.01,1
IL2RA,3559,Celiac Disease,MESH:D002446,,Mesalamine,4.01,1
SLCO1B1,10599,Celiac Disease,MESH:D002446,,Mesalamine,4.01,1
STAT5B,6777,Celiac Disease,MESH:D002446,,tofacitinib,4.01,1
ZNF746,155061,Celiac Disease,MESH:D002446,,Azathioprine,4.01,1
CD2AP,23607,Celiac Disease,MESH:D002446,,Prednisone,4.00,1
NAT2,10,Celiac Disease,MESH:D002446,,Mesalamine,4.00,1
SELP,6403,Celiac Disease,MESH:D002446,,tofacitinib,4.00,1
MUCL1,118430,Celiac Disease,MESH:D002446,,Azathioprine,3.99,1
SLCO2B1,11309,Celiac Disease,MESH:D002446,,Mesalamine,3.99,1
HPR,3250,Celiac Disease,MESH:D002446,,Azathioprine,3.97,1
SERPINH1,871,Celiac Disease,MESH:D002446,,Vitamin B 12,3.97,1
SLC38A11,151258,Celiac Disease,MESH:D002446,,Azathioprine,3.97,1
ZNF362,149076,Celiac Disease,MESH:D002446,,Azathioprine,3.97,1
PPARG,5468,Celiac Disease,MESH:D002446,,Mesalamine|Vitamin B 12,3.96,2
C4ORF46,201725,Celiac Disease,MESH:D002446,,Azathioprine,3.95,1
CBS,875,Celiac Disease,MESH:D002446,,Vitamin B 12,3.95,1
FADS1,3992,Celiac Disease,MESH:D002446,,Vitamin B 12,3.95,1
TMC8,147138,Celiac Disease,MESH:D002446,,Azathioprine,3.95,1
C1ORF112,55732,Celiac Disease,MESH:D002446,,Azathioprine,3.94,1
LINC00261,140828,Celiac Disease,MESH:D002446,,Azathioprine,3.94,1
MUP2,17841,Celiac Disease,MESH:D002446,,Azathioprine,3.92,1
NPHS2,7827,Celiac Disease,MESH:D002446,,Prednisone,3.91,1
ATG2A,23130,Celiac Disease,MESH:D002446,,Azathioprine,3.90,1
C5ORF34,375444,Celiac Disease,MESH:D002446,,Azathioprine,3.90,1
IL17A,3605,Celiac Disease,MESH:D002446,,tofacitinib,3.90,1
MTHFR,4524,Celiac Disease,MESH:D002446,,Vitamin B 12,3.88,1
TNFSF11,8600,Celiac Disease,MESH:D002446,,tofacitinib,3.87,1
AGPAT9,102843911,Celiac Disease,MESH:D002446,,Azathioprine,3.86,1
DNMT3A,1788,Celiac Disease,MESH:D002446,,Vitamin B 12,3.85,1
FADS2,9415,Celiac Disease,MESH:D002446,,Vitamin B 12,3.85,1
JAK2,3717,Celiac Disease,MESH:D002446,,tofacitinib,3.85,1
MUC20,200958,Celiac Disease,MESH:D002446,,Azathioprine,3.85,1
SOCS3,9021,Celiac Disease,MESH:D002446,,tofacitinib,3.85,1
SELE,6401,Celiac Disease,MESH:D002446,,tofacitinib,3.84,1
MIXL1,83881,Celiac Disease,MESH:D002446,,Azathioprine,3.83,1
ZBED8,63920,Celiac Disease,MESH:D002446,,Azathioprine,3.83,1
KBTBD7,84078,Celiac Disease,MESH:D002446,,Azathioprine,3.82,1
NDUFA4L2,56901,Celiac Disease,MESH:D002446,,Azathioprine,3.82,1
ALB,213,Celiac Disease,MESH:D002446,,Azathioprine|Mesalamine,3.81,2
CCDC15,80071,Celiac Disease,MESH:D002446,,Azathioprine,3.81,1
CHST9,83539,Celiac Disease,MESH:D002446,,Azathioprine,3.81,1
CYP4F11,57834,Celiac Disease,MESH:D002446,,Azathioprine,3.81,1
GOLT1A,127845,Celiac Disease,MESH:D002446,,Azathioprine,3.81,1
MUP5,17844,Celiac Disease,MESH:D002446,,Azathioprine,3.81,1
TAFA5,25817,Celiac Disease,MESH:D002446,,Azathioprine,3.81,1
CEP192,55125,Celiac Disease,MESH:D002446,,Azathioprine,3.79,1
DZIP1,22873,Celiac Disease,MESH:D002446,,Azathioprine,3.79,1
EFCAB11,90141,Celiac Disease,MESH:D002446,,Azathioprine,3.79,1
FAM161A,84140,Celiac Disease,MESH:D002446,,Azathioprine,3.79,1
TEX9,374618,Celiac Disease,MESH:D002446,,Azathioprine,3.79,1
CD40,958,Celiac Disease,MESH:D002446,,Vitamin B 12,3.78,1
MAOB,4129,Celiac Disease,MESH:D002446,,Vitamin B 12,3.78,1
TIMP2,7077,Celiac Disease,MESH:D002446,,Mesalamine,3.78,1
TMEM170B,100113407,Celiac Disease,MESH:D002446,,Azathioprine,3.78,1
CCL2,6347,Celiac Disease,MESH:D002446,,tofacitinib|Vitamin B 12,3.77,2
HAUS6,54801,Celiac Disease,MESH:D002446,,Azathioprine,3.77,1
HLA-DQA1,3117,Celiac Disease,MESH:D002446,,Azathioprine,3.77,1
RHBDD1,84236,Celiac Disease,MESH:D002446,,Azathioprine,3.77,1
ZNF385B,151126,Celiac Disease,MESH:D002446,,Azathioprine,3.77,1
CCDC138,165055,Celiac Disease,MESH:D002446,,Azathioprine,3.76,1
FAM3B,54097,Celiac Disease,MESH:D002446,,Azathioprine,3.76,1
PAEP,5047,Celiac Disease,MESH:D002446,,Azathioprine,3.76,1
MMP1,4312,Celiac Disease,MESH:D002446,,tofacitinib,3.75,1
ALDH2,217,Celiac Disease,MESH:D002446,,Vitamin B 12,3.74,1
DNMT1,1786,Celiac Disease,MESH:D002446,,Vitamin B 12,3.74,1
PRL,5617,Celiac Disease,MESH:D002446,,tofacitinib,3.74,1
TUBB1,81027,Celiac Disease,MESH:D002446,,Azathioprine,3.74,1
ARHGAP27,201176,Celiac Disease,MESH:D002446,,Azathioprine,3.73,1
DCDC2,51473,Celiac Disease,MESH:D002446,,Azathioprine,3.73,1
POGLUT3,143888,Celiac Disease,MESH:D002446,,Azathioprine,3.73,1
TEX261,113419,Celiac Disease,MESH:D002446,,Azathioprine,3.73,1
MXRA5,25878,Celiac Disease,MESH:D002446,,Azathioprine,3.72,1
PYGM,5837,Celiac Disease,MESH:D002446,,Prednisone,3.72,1
RHNO1,83695,Celiac Disease,MESH:D002446,,Azathioprine,3.72,1
SLC2A10,81031,Celiac Disease,MESH:D002446,,Azathioprine,3.72,1
SLC66A1,54896,Celiac Disease,MESH:D002446,,Azathioprine,3.72,1
IRAK1BP1,134728,Celiac Disease,MESH:D002446,,Azathioprine,3.71,1
KCTD3,51133,Celiac Disease,MESH:D002446,,Azathioprine,3.71,1
TCEAL1,9338,Celiac Disease,MESH:D002446,,Azathioprine,3.71,1
ENTPD3,956,Celiac Disease,MESH:D002446,,Azathioprine,3.70,1
KLHL14,57565,Celiac Disease,MESH:D002446,,Azathioprine,3.70,1
TNFSF10,8743,Celiac Disease,MESH:D002446,,tofacitinib,3.70,1
CYP2C19,1557,Celiac Disease,MESH:D002446,,tofacitinib,3.69,1
H3C4,8351,Celiac Disease,MESH:D002446,,Azathioprine,3.69,1
HPRT,15452,Celiac Disease,MESH:D002446,,Azathioprine,3.69,1
NAGS,162417,Celiac Disease,MESH:D002446,,Azathioprine,3.69,1
SYNC,81493,Celiac Disease,MESH:D002446,,Azathioprine,3.69,1
LRRC8A,56262,Celiac Disease,MESH:D002446,,Azathioprine,3.68,1
NPHS1,4868,Celiac Disease,MESH:D002446,,Prednisone,3.68,1
PAQR5,54852,Celiac Disease,MESH:D002446,,Azathioprine,3.68,1
SCML1,6322,Celiac Disease,MESH:D002446,,Azathioprine,3.68,1
CRP,1401,Celiac Disease,MESH:D002446,,Vitamin B 12,3.67,1
CYP2D6,1565,Celiac Disease,MESH:D002446,,tofacitinib,3.67,1
SLF1,84250,Celiac Disease,MESH:D002446,,Azathioprine,3.67,1
TMEM237,65062,Celiac Disease,MESH:D002446,,Azathioprine,3.67,1
CEP152,22995,Celiac Disease,MESH:D002446,,Azathioprine,3.66,1
LRR1,122769,Celiac Disease,MESH:D002446,,Azathioprine,3.66,1
MAPK14,1432,Celiac Disease,MESH:D002446,,Mesalamine,3.66,1
ASB9,140462,Celiac Disease,MESH:D002446,,Azathioprine,3.65,1
CCDC18,343099,Celiac Disease,MESH:D002446,,Azathioprine,3.65,1
FHL3,2275,Celiac Disease,MESH:D002446,,Azathioprine,3.65,1
IGDCC3,9543,Celiac Disease,MESH:D002446,,Azathioprine,3.65,1
PPP1R18,170954,Celiac Disease,MESH:D002446,,Azathioprine,3.65,1
PPP4R2,151987,Celiac Disease,MESH:D002446,,Azathioprine,3.65,1
SLC5A9,200010,Celiac Disease,MESH:D002446,,Azathioprine,3.65,1
ACACA,31,Celiac Disease,MESH:D002446,,Vitamin B 12,3.64,1
ITPRIP,85450,Celiac Disease,MESH:D002446,,Azathioprine,3.64,1
MATN3,4148,Celiac Disease,MESH:D002446,,Azathioprine,3.64,1
CCL5,6352,Celiac Disease,MESH:D002446,,tofacitinib,3.63,1
CLIP2,7461,Celiac Disease,MESH:D002446,,Azathioprine,3.63,1
HOXD1,3231,Celiac Disease,MESH:D002446,,Azathioprine,3.63,1
LIAS,11019,Celiac Disease,MESH:D002446,,Azathioprine,3.63,1
MAPK9,5601,Celiac Disease,MESH:D002446,,tofacitinib,3.63,1
PIP5K1B,8395,Celiac Disease,MESH:D002446,,Azathioprine,3.63,1
SH2D5,400745,Celiac Disease,MESH:D002446,,Azathioprine,3.63,1
SPIN4,139886,Celiac Disease,MESH:D002446,,Azathioprine,3.63,1
TBC1D8B,54885,Celiac Disease,MESH:D002446,,Azathioprine,3.63,1
TMC7,79905,Celiac Disease,MESH:D002446,,Azathioprine,3.63,1
SERPINC1,462,Celiac Disease,MESH:D002446,,Prednisone,3.62,1
DNA2,1763,Celiac Disease,MESH:D002446,,Azathioprine,3.61,1
DSN1,79980,Celiac Disease,MESH:D002446,,Azathioprine,3.61,1
EID3,493861,Celiac Disease,MESH:D002446,,Azathioprine,3.61,1
GABRE,2564,Celiac Disease,MESH:D002446,,Azathioprine,3.61,1
IMPDH1,3614,Celiac Disease,MESH:D002446,,Azathioprine,3.61,1
MTFR2,113115,Celiac Disease,MESH:D002446,,Azathioprine,3.61,1
RMI2,116028,Celiac Disease,MESH:D002446,,Azathioprine,3.61,1
RNF144A,9781,Celiac Disease,MESH:D002446,,Azathioprine,3.61,1
SLC44A3,126969,Celiac Disease,MESH:D002446,,Azathioprine,3.61,1
SULT2A6,629219,Celiac Disease,MESH:D002446,,Azathioprine,3.61,1
CCDC77,84318,Celiac Disease,MESH:D002446,,Azathioprine,3.60,1
FAM111B,374393,Celiac Disease,MESH:D002446,,Azathioprine,3.60,1
MAGED1,9500,Celiac Disease,MESH:D002446,,Azathioprine,3.60,1
MDM1,56890,Celiac Disease,MESH:D002446,,Azathioprine,3.60,1
PPM1H,57460,Celiac Disease,MESH:D002446,,Azathioprine,3.60,1
SLC22A15,55356,Celiac Disease,MESH:D002446,,Azathioprine,3.60,1
GDPD5,81544,Celiac Disease,MESH:D002446,,Azathioprine,3.59,1
C11ORF96,387763,Celiac Disease,MESH:D002446,,Azathioprine,3.58,1
CCDC34,91057,Celiac Disease,MESH:D002446,,Azathioprine,3.58,1
CRYBG1,202,Celiac Disease,MESH:D002446,,Azathioprine,3.58,1
DDX10,1662,Celiac Disease,MESH:D002446,,Azathioprine,3.58,1
LRP10,26020,Celiac Disease,MESH:D002446,,Azathioprine,3.58,1
PIF1,80119,Celiac Disease,MESH:D002446,,Azathioprine,3.58,1
PXDC1,221749,Celiac Disease,MESH:D002446,,Azathioprine,3.58,1
RAB11FIP4,84440,Celiac Disease,MESH:D002446,,Azathioprine,3.58,1
SAPCD2,89958,Celiac Disease,MESH:D002446,,Azathioprine,3.58,1
SPP1,6696,Celiac Disease,MESH:D002446,,Mesalamine,3.58,1
SPTLC3,55304,Celiac Disease,MESH:D002446,,Azathioprine,3.58,1
TXNDC16,57544,Celiac Disease,MESH:D002446,,Azathioprine,3.58,1
WDR45,11152,Celiac Disease,MESH:D002446,,Azathioprine,3.58,1
CXCL1,2919,Celiac Disease,MESH:D002446,,Mesalamine,3.57,1
RBPMS2,348093,Celiac Disease,MESH:D002446,,Azathioprine,3.57,1
SMS,6611,Celiac Disease,MESH:D002446,,Azathioprine,3.57,1
GCG,2641,Celiac Disease,MESH:D002446,,Prednisone,3.56,1
GINS3,64785,Celiac Disease,MESH:D002446,,Azathioprine,3.56,1
GIPC2,54810,Celiac Disease,MESH:D002446,,Azathioprine,3.56,1
GOLM1,51280,Celiac Disease,MESH:D002446,,Azathioprine,3.56,1
SH3RF1,57630,Celiac Disease,MESH:D002446,,Azathioprine,3.56,1
SHB,6461,Celiac Disease,MESH:D002446,,Azathioprine,3.56,1
VAV1,7409,Celiac Disease,MESH:D002446,,Azathioprine,3.56,1
AQP11,282679,Celiac Disease,MESH:D002446,,Azathioprine,3.55,1
ERP27,121506,Celiac Disease,MESH:D002446,,Azathioprine,3.55,1
HERC6,55008,Celiac Disease,MESH:D002446,,Azathioprine,3.55,1
LEAP2,116842,Celiac Disease,MESH:D002446,,Azathioprine,3.55,1
MIS18BP1,55320,Celiac Disease,MESH:D002446,,Azathioprine,3.55,1
MPC1,51660,Celiac Disease,MESH:D002446,,Azathioprine,3.55,1
OLFML2B,25903,Celiac Disease,MESH:D002446,,Azathioprine,3.55,1
PARPBP,55010,Celiac Disease,MESH:D002446,,Azathioprine,3.55,1
TUSC3,7991,Celiac Disease,MESH:D002446,,Azathioprine,3.55,1
VRK1,7443,Celiac Disease,MESH:D002446,,Azathioprine,3.55,1
NMB,4828,Celiac Disease,MESH:D002446,,Azathioprine,3.54,1
OAS3,4940,Celiac Disease,MESH:D002446,,Azathioprine,3.54,1
ATP6V0E2,155066,Celiac Disease,MESH:D002446,,Azathioprine,3.53,1
E2F5,1875,Celiac Disease,MESH:D002446,,Azathioprine,3.53,1
MIS18A,54069,Celiac Disease,MESH:D002446,,Azathioprine,3.53,1
MYO5C,55930,Celiac Disease,MESH:D002446,,Azathioprine,3.53,1
PBX3,5090,Celiac Disease,MESH:D002446,,Azathioprine,3.53,1
PILRA,29992,Celiac Disease,MESH:D002446,,Azathioprine,3.53,1
BORA,79866,Celiac Disease,MESH:D002446,,Azathioprine,3.52,1
CENPH,64946,Celiac Disease,MESH:D002446,,Azathioprine,3.52,1
CPB2,1361,Celiac Disease,MESH:D002446,,Azathioprine,3.52,1
GAS2L3,283431,Celiac Disease,MESH:D002446,,Azathioprine,3.52,1
ITPA,3704,Celiac Disease,MESH:D002446,,Azathioprine,3.52,1
MNS1,55329,Celiac Disease,MESH:D002446,,Azathioprine,3.52,1
NPNT,255743,Celiac Disease,MESH:D002446,,Azathioprine,3.52,1
POLD4,57804,Celiac Disease,MESH:D002446,,Azathioprine,3.52,1
RIT1,6016,Celiac Disease,MESH:D002446,,Azathioprine,3.52,1
SCN1A,6323,Celiac Disease,MESH:D002446,,Azathioprine,3.52,1
SGO2,151246,Celiac Disease,MESH:D002446,,Azathioprine,3.52,1
SLBP,7884,Celiac Disease,MESH:D002446,,Azathioprine,3.52,1
STIL,6491,Celiac Disease,MESH:D002446,,Azathioprine,3.52,1
TMC6,11322,Celiac Disease,MESH:D002446,,Azathioprine,3.52,1
IER5L,389792,Celiac Disease,MESH:D002446,,Azathioprine,3.51,1
MASTL,84930,Celiac Disease,MESH:D002446,,Azathioprine,3.51,1
TET1,80312,Celiac Disease,MESH:D002446,,Azathioprine,3.51,1
THOP1,7064,Celiac Disease,MESH:D002446,,Azathioprine,3.51,1
BAIAP2L1,55971,Celiac Disease,MESH:D002446,,Azathioprine,3.50,1
CDCA7L,55536,Celiac Disease,MESH:D002446,,Azathioprine,3.50,1
H2BC5,3017,Celiac Disease,MESH:D002446,,Azathioprine,3.50,1
PASK,23178,Celiac Disease,MESH:D002446,,Azathioprine,3.50,1
PEG10,23089,Celiac Disease,MESH:D002446,,Azathioprine,3.50,1
PIMREG,54478,Celiac Disease,MESH:D002446,,Azathioprine,3.50,1
PRAG1,157285,Celiac Disease,MESH:D002446,,Azathioprine,3.50,1
PXYLP1,92370,Celiac Disease,MESH:D002446,,Azathioprine,3.50,1
RAD54B,25788,Celiac Disease,MESH:D002446,,Azathioprine,3.50,1
SALL1,6299,Celiac Disease,MESH:D002446,,Azathioprine,3.50,1
TMEM140,55281,Celiac Disease,MESH:D002446,,Azathioprine,3.50,1
CCL11,6356,Celiac Disease,MESH:D002446,,Prednisone,3.49,1
EPB41L2,2037,Celiac Disease,MESH:D002446,,Azathioprine,3.49,1
GCA,25801,Celiac Disease,MESH:D002446,,Azathioprine,3.49,1
H2AZ2,94239,Celiac Disease,MESH:D002446,,Azathioprine,3.49,1
IRX3,79191,Celiac Disease,MESH:D002446,,Azathioprine,3.49,1
DSCC1,79075,Celiac Disease,MESH:D002446,,Azathioprine,3.48,1
DTX4,23220,Celiac Disease,MESH:D002446,,Azathioprine,3.48,1
FASN,2194,Celiac Disease,MESH:D002446,,Vitamin B 12,3.48,1
GPX1,2876,Celiac Disease,MESH:D002446,,Vitamin B 12,3.48,1
MAPK8,5599,Celiac Disease,MESH:D002446,,tofacitinib,3.48,1
MTARC1,64757,Celiac Disease,MESH:D002446,,Azathioprine,3.48,1
NFE2L2,4780,Celiac Disease,MESH:D002446,,Azathioprine|Mesalamine,3.48,2
POLD3,10714,Celiac Disease,MESH:D002446,,Azathioprine,3.48,1
SERINC3,10955,Celiac Disease,MESH:D002446,,Azathioprine,3.48,1
TNFRSF10D,8793,Celiac Disease,MESH:D002446,,Azathioprine,3.48,1
GCKR,2646,Celiac Disease,MESH:D002446,,Azathioprine,3.47,1
HLA-DRB1,3123,Celiac Disease,MESH:D002446,,Azathioprine,3.47,1
HMGN3,9324,Celiac Disease,MESH:D002446,,Azathioprine,3.47,1
KANK4,163782,Celiac Disease,MESH:D002446,,Azathioprine,3.47,1
MPO,4353,Celiac Disease,MESH:D002446,,Mesalamine,3.47,1
RBM24,221662,Celiac Disease,MESH:D002446,,Azathioprine,3.47,1
RHOBTB1,9886,Celiac Disease,MESH:D002446,,Azathioprine,3.47,1
CIT,11113,Celiac Disease,MESH:D002446,,Azathioprine,3.46,1
ENPP3,5169,Celiac Disease,MESH:D002446,,Azathioprine,3.46,1
HERC5,51191,Celiac Disease,MESH:D002446,,Azathioprine,3.46,1
IFI44L,10964,Celiac Disease,MESH:D002446,,Azathioprine,3.46,1
MND1,84057,Celiac Disease,MESH:D002446,,Azathioprine,3.46,1
RIN2,54453,Celiac Disease,MESH:D002446,,Azathioprine,3.46,1
SKA1,220134,Celiac Disease,MESH:D002446,,Azathioprine,3.46,1
SLC30A10,55532,Celiac Disease,MESH:D002446,,Azathioprine,3.46,1
TRA2A,29896,Celiac Disease,MESH:D002446,,Azathioprine,3.46,1
APP,351,Celiac Disease,MESH:D002446,,Vitamin B 12,3.45,1
ARAP2,116984,Celiac Disease,MESH:D002446,,Azathioprine,3.45,1
DEPDC1,55635,Celiac Disease,MESH:D002446,,Azathioprine,3.45,1
GPR137B,7107,Celiac Disease,MESH:D002446,,Azathioprine,3.45,1
IL10,3586,Celiac Disease,MESH:D002446,,tofacitinib,3.45,1
LPAR6,10161,Celiac Disease,MESH:D002446,,Azathioprine,3.45,1
SERINC2,347735,Celiac Disease,MESH:D002446,,Azathioprine,3.45,1
SLCO4C1,353189,Celiac Disease,MESH:D002446,,Azathioprine,3.45,1
A2M,2,Celiac Disease,MESH:D002446,,Prednisone,3.44,1
CPEB4,80315,Celiac Disease,MESH:D002446,,Azathioprine,3.44,1
SEL1L3,23231,Celiac Disease,MESH:D002446,,Azathioprine,3.44,1
TFE3,7030,Celiac Disease,MESH:D002446,,Azathioprine,3.44,1
ZWILCH,55055,Celiac Disease,MESH:D002446,,Azathioprine,3.44,1
ALDH8A1,64577,Celiac Disease,MESH:D002446,,Azathioprine,3.43,1
GPM6B,2824,Celiac Disease,MESH:D002446,,Azathioprine,3.43,1
H2BC21,8349,Celiac Disease,MESH:D002446,,Azathioprine,3.43,1
LURAP1L,286343,Celiac Disease,MESH:D002446,,Azathioprine,3.43,1
NFE2L3,9603,Celiac Disease,MESH:D002446,,Azathioprine,3.43,1
PANK1,53354,Celiac Disease,MESH:D002446,,Azathioprine,3.43,1
SP5,389058,Celiac Disease,MESH:D002446,,Azathioprine,3.43,1
TBX21,30009,Celiac Disease,MESH:D002446,,Azathioprine,3.43,1
MMP9,4318,Celiac Disease,MESH:D002446,,tofacitinib,3.42,1
PAQR9,344838,Celiac Disease,MESH:D002446,,Azathioprine,3.42,1
RFC5,5985,Celiac Disease,MESH:D002446,,Azathioprine,3.42,1
RNF19B,127544,Celiac Disease,MESH:D002446,,Azathioprine,3.42,1
ABCB1B,18669,Celiac Disease,MESH:D002446,,Prednisone,3.41,1
AHR,196,Celiac Disease,MESH:D002446,,tofacitinib,3.41,1
ARRDC2,27106,Celiac Disease,MESH:D002446,,Azathioprine,3.41,1
CSTA,1475,Celiac Disease,MESH:D002446,,Azathioprine,3.41,1
DEPDC1B,55789,Celiac Disease,MESH:D002446,,Azathioprine,3.41,1
GGH,8836,Celiac Disease,MESH:D002446,,Azathioprine,3.41,1
GSDME,1687,Celiac Disease,MESH:D002446,,Azathioprine,3.41,1
H2AZ1,3015,Celiac Disease,MESH:D002446,,Azathioprine,3.41,1
KNTC1,9735,Celiac Disease,MESH:D002446,,Azathioprine,3.41,1
MOCOS,55034,Celiac Disease,MESH:D002446,,Azathioprine,3.41,1
OIP5,11339,Celiac Disease,MESH:D002446,,Azathioprine,3.41,1
SORBS2,8470,Celiac Disease,MESH:D002446,,Azathioprine,3.41,1
TCEA3,6920,Celiac Disease,MESH:D002446,,Azathioprine,3.41,1
TPMT,7172,Celiac Disease,MESH:D002446,,Azathioprine,3.41,1
AMIGO2,347902,Celiac Disease,MESH:D002446,,Azathioprine,3.40,1
ANTXR1,84168,Celiac Disease,MESH:D002446,,Azathioprine,3.40,1
EMP3,2014,Celiac Disease,MESH:D002446,,Azathioprine,3.40,1
MLKL,197259,Celiac Disease,MESH:D002446,,Azathioprine,3.40,1
NCAPG2,54892,Celiac Disease,MESH:D002446,,Azathioprine,3.40,1
CCND1,595,Celiac Disease,MESH:D002446,,tofacitinib,3.39,1
CDC7,8317,Celiac Disease,MESH:D002446,,Azathioprine,3.39,1
COLEC12,81035,Celiac Disease,MESH:D002446,,Azathioprine,3.39,1
CYP1A2,1544,Celiac Disease,MESH:D002446,,tofacitinib,3.39,1
CYP3A4,1576,Celiac Disease,MESH:D002446,,tofacitinib,3.39,1
DIAPH3,81624,Celiac Disease,MESH:D002446,,Azathioprine,3.39,1
FAM83D,81610,Celiac Disease,MESH:D002446,,Azathioprine,3.39,1
GCNT3,9245,Celiac Disease,MESH:D002446,,Azathioprine,3.39,1
GRB14,2888,Celiac Disease,MESH:D002446,,Azathioprine,3.39,1
IFI6,2537,Celiac Disease,MESH:D002446,,Azathioprine,3.39,1
MAL2,114569,Celiac Disease,MESH:D002446,,Azathioprine,3.39,1
MBL2,4153,Celiac Disease,MESH:D002446,,Azathioprine,3.39,1
PPARA,5465,Celiac Disease,MESH:D002446,,Vitamin B 12,3.39,1
SLC22A18,5002,Celiac Disease,MESH:D002446,,Azathioprine,3.39,1
VSNL1,7447,Celiac Disease,MESH:D002446,,Azathioprine,3.39,1
AKT1,207,Celiac Disease,MESH:D002446,,Azathioprine|tofacitinib,3.38,2
CENPK,64105,Celiac Disease,MESH:D002446,,Azathioprine,3.38,1
CENPU,79682,Celiac Disease,MESH:D002446,,Azathioprine,3.38,1
CLGN,1047,Celiac Disease,MESH:D002446,,Azathioprine,3.38,1
CYP2S1,29785,Celiac Disease,MESH:D002446,,Azathioprine,3.38,1
FAM43A,131583,Celiac Disease,MESH:D002446,,Azathioprine,3.38,1
IMPDH2,3615,Celiac Disease,MESH:D002446,,Azathioprine,3.38,1
PIGA,5277,Celiac Disease,MESH:D002446,,Azathioprine,3.38,1
SPDL1,54908,Celiac Disease,MESH:D002446,,Azathioprine,3.38,1
STX3,6809,Celiac Disease,MESH:D002446,,Azathioprine,3.38,1
TGFB1I1,7041,Celiac Disease,MESH:D002446,,Azathioprine,3.38,1
CREB5,9586,Celiac Disease,MESH:D002446,,Azathioprine,3.37,1
DCK,1633,Celiac Disease,MESH:D002446,,Azathioprine,3.37,1
METRNL,284207,Celiac Disease,MESH:D002446,,Azathioprine,3.37,1
NID2,22795,Celiac Disease,MESH:D002446,,Azathioprine,3.37,1
ABHD4,63874,Celiac Disease,MESH:D002446,,Azathioprine,3.36,1
ANTXR2,118429,Celiac Disease,MESH:D002446,,Azathioprine,3.36,1
CAVIN2,8436,Celiac Disease,MESH:D002446,,Azathioprine,3.36,1
CEP55,55165,Celiac Disease,MESH:D002446,,Azathioprine,3.36,1
GBP1,2633,Celiac Disease,MESH:D002446,,Azathioprine,3.36,1
GINS1,9837,Celiac Disease,MESH:D002446,,Azathioprine,3.36,1
IFIH1,64135,Celiac Disease,MESH:D002446,,Azathioprine,3.36,1
KIF18A,81930,Celiac Disease,MESH:D002446,,Azathioprine,3.36,1
LXN,56925,Celiac Disease,MESH:D002446,,Azathioprine,3.36,1
ORC1,4998,Celiac Disease,MESH:D002446,,Azathioprine,3.36,1
ALDH18A1,5832,Celiac Disease,MESH:D002446,,Azathioprine,3.35,1
ARHGAP11A,9824,Celiac Disease,MESH:D002446,,Azathioprine,3.35,1
CDCA7,83879,Celiac Disease,MESH:D002446,,Azathioprine,3.35,1
E2F7,144455,Celiac Disease,MESH:D002446,,Azathioprine,3.35,1
ESCO2,157570,Celiac Disease,MESH:D002446,,Azathioprine,3.35,1
FANCI,55215,Celiac Disease,MESH:D002446,,Azathioprine,3.35,1
IMPA2,3613,Celiac Disease,MESH:D002446,,Azathioprine,3.35,1
SLC16A10,117247,Celiac Disease,MESH:D002446,,Azathioprine,3.35,1
TGFBR3,7049,Celiac Disease,MESH:D002446,,Azathioprine,3.35,1
CDCA5,113130,Celiac Disease,MESH:D002446,,Azathioprine,3.34,1
CYP2E1,1571,Celiac Disease,MESH:D002446,,Vitamin B 12,3.34,1
FBXO30,84085,Celiac Disease,MESH:D002446,,Azathioprine,3.34,1
HILPDA,29923,Celiac Disease,MESH:D002446,,Azathioprine,3.34,1
HSDL2,84263,Celiac Disease,MESH:D002446,,Azathioprine,3.34,1
MAPK13,5603,Celiac Disease,MESH:D002446,,Azathioprine,3.34,1
NASP,4678,Celiac Disease,MESH:D002446,,Azathioprine,3.34,1
PALLD,23022,Celiac Disease,MESH:D002446,,Azathioprine,3.34,1
PSRC1,84722,Celiac Disease,MESH:D002446,,Azathioprine,3.34,1
RAP1GAP,5909,Celiac Disease,MESH:D002446,,Azathioprine,3.34,1
RIDA,10247,Celiac Disease,MESH:D002446,,Azathioprine,3.34,1
SOD1,6647,Celiac Disease,MESH:D002446,,Vitamin B 12,3.34,1
SPSB1,80176,Celiac Disease,MESH:D002446,,Azathioprine,3.34,1
TFDP1,7027,Celiac Disease,MESH:D002446,,Azathioprine,3.34,1
ORC6,23594,Celiac Disease,MESH:D002446,,Azathioprine,3.33,1
PARP1,142,Celiac Disease,MESH:D002446,,Mesalamine,3.33,1
RARRES1,5918,Celiac Disease,MESH:D002446,,Azathioprine,3.33,1
RECK,8434,Celiac Disease,MESH:D002446,,Azathioprine,3.33,1
VDR,7421,Celiac Disease,MESH:D002446,,Prednisone,3.33,1
ALDH1L1,10840,Celiac Disease,MESH:D002446,,Azathioprine,3.32,1
BARD1,580,Celiac Disease,MESH:D002446,,Azathioprine,3.32,1
BCAR1,9564,Celiac Disease,MESH:D002446,,Azathioprine,3.32,1
CFI,3426,Celiac Disease,MESH:D002446,,Azathioprine,3.32,1
HMOX1,3162,Celiac Disease,MESH:D002446,,Mesalamine,3.32,1
KIF20B,9585,Celiac Disease,MESH:D002446,,Azathioprine,3.32,1
LY6E,4061,Celiac Disease,MESH:D002446,,Azathioprine,3.32,1
METTL7A,25840,Celiac Disease,MESH:D002446,,Azathioprine,3.32,1
NABP1,64859,Celiac Disease,MESH:D002446,,Azathioprine,3.32,1
RIPK2,8767,Celiac Disease,MESH:D002446,,Azathioprine,3.32,1
SMC2,10592,Celiac Disease,MESH:D002446,,Azathioprine,3.32,1
SPON1,10418,Celiac Disease,MESH:D002446,,Azathioprine,3.32,1
SPRY4,81848,Celiac Disease,MESH:D002446,,Azathioprine,3.32,1
BAX,581,Celiac Disease,MESH:D002446,,Mesalamine,3.31,1
BCL2,596,Celiac Disease,MESH:D002446,,Mesalamine,3.31,1
DTL,51514,Celiac Disease,MESH:D002446,,Azathioprine,3.31,1
ESPL1,9700,Celiac Disease,MESH:D002446,,Azathioprine,3.31,1
GINS2,51659,Celiac Disease,MESH:D002446,,Azathioprine,3.31,1
IL7,3574,Celiac Disease,MESH:D002446,,Azathioprine,3.31,1
KIF15,56992,Celiac Disease,MESH:D002446,,Azathioprine,3.31,1
LYZ,4069,Celiac Disease,MESH:D002446,,Azathioprine,3.31,1
MELK,9833,Celiac Disease,MESH:D002446,,Azathioprine,3.31,1
MYBL1,4603,Celiac Disease,MESH:D002446,,Azathioprine,3.31,1
NOS2,4843,Celiac Disease,MESH:D002446,,Azathioprine|Mesalamine,3.31,2
PNPLA3,80339,Celiac Disease,MESH:D002446,,Azathioprine,3.31,1
RFC3,5983,Celiac Disease,MESH:D002446,,Azathioprine,3.31,1
SHCBP1,79801,Celiac Disease,MESH:D002446,,Azathioprine,3.31,1
ABCB1A,18671,Celiac Disease,MESH:D002446,,Prednisone,3.30,1
ATAD2,29028,Celiac Disease,MESH:D002446,,Azathioprine,3.30,1
CASP8,841,Celiac Disease,MESH:D002446,,Vitamin B 12,3.30,1
FOXA1,3169,Celiac Disease,MESH:D002446,,Azathioprine,3.30,1
GRB10,2887,Celiac Disease,MESH:D002446,,Azathioprine,3.30,1
HHEX,3087,Celiac Disease,MESH:D002446,,Azathioprine,3.30,1
IER2,9592,Celiac Disease,MESH:D002446,,Azathioprine,3.30,1
IER5,51278,Celiac Disease,MESH:D002446,,Azathioprine,3.30,1
NCAPG,64151,Celiac Disease,MESH:D002446,,Azathioprine,3.30,1
RRAS2,22800,Celiac Disease,MESH:D002446,,Azathioprine,3.30,1
SHMT1,6470,Celiac Disease,MESH:D002446,,Azathioprine,3.30,1
SPAG5,10615,Celiac Disease,MESH:D002446,,Azathioprine,3.30,1
THBS2,7058,Celiac Disease,MESH:D002446,,Azathioprine,3.30,1
CDCA2,157313,Celiac Disease,MESH:D002446,,Azathioprine,3.29,1
FMO2,2327,Celiac Disease,MESH:D002446,,Azathioprine,3.29,1
HEY1,23462,Celiac Disease,MESH:D002446,,Azathioprine,3.29,1
POLA1,5422,Celiac Disease,MESH:D002446,,Azathioprine,3.29,1
SMC4,10051,Celiac Disease,MESH:D002446,,Azathioprine,3.29,1
ACKR3,57007,Celiac Disease,MESH:D002446,,Azathioprine,3.28,1
ANG,283,Celiac Disease,MESH:D002446,,Azathioprine,3.28,1
DDX58,23586,Celiac Disease,MESH:D002446,,Azathioprine,3.28,1
IL13,3596,Celiac Disease,MESH:D002446,,Prednisone,3.28,1
LAMB3,3914,Celiac Disease,MESH:D002446,,Azathioprine,3.28,1
NCAPH,23397,Celiac Disease,MESH:D002446,,Azathioprine,3.28,1
PAH,5053,Celiac Disease,MESH:D002446,,Azathioprine,3.28,1
SERTAD1,29950,Celiac Disease,MESH:D002446,,Azathioprine,3.28,1
TCF19,6941,Celiac Disease,MESH:D002446,,Azathioprine,3.28,1
TSC2,7249,Celiac Disease,MESH:D002446,,Azathioprine,3.28,1
TUBA1B,10376,Celiac Disease,MESH:D002446,,Azathioprine,3.28,1
AKR1D1,6718,Celiac Disease,MESH:D002446,,Azathioprine,3.27,1
CADM1,23705,Celiac Disease,MESH:D002446,,Azathioprine,3.27,1
CDKN1A,1026,Celiac Disease,MESH:D002446,,Azathioprine|Prednisone,3.27,1
FBXO5,26271,Celiac Disease,MESH:D002446,,Azathioprine,3.27,1
NR2F2,7026,Celiac Disease,MESH:D002446,,Azathioprine,3.27,1
TUBB,203068,Celiac Disease,MESH:D002446,,Azathioprine,3.27,1
ALDH7A1,501,Celiac Disease,MESH:D002446,,Azathioprine,3.26,1
ANLN,54443,Celiac Disease,MESH:D002446,,Azathioprine,3.26,1
CDC45,8318,Celiac Disease,MESH:D002446,,Azathioprine,3.26,1
EXO1,9156,Celiac Disease,MESH:D002446,,Azathioprine,3.26,1
GTSE1,51512,Celiac Disease,MESH:D002446,,Azathioprine,3.26,1
IL5,3567,Celiac Disease,MESH:D002446,,Prednisone,3.26,1
NUF2,83540,Celiac Disease,MESH:D002446,,Azathioprine,3.26,1
PCLAF,9768,Celiac Disease,MESH:D002446,,Azathioprine,3.26,1
POLE2,5427,Celiac Disease,MESH:D002446,,Azathioprine,3.26,1
PPL,5493,Celiac Disease,MESH:D002446,,Azathioprine,3.26,1
PRIM1,5557,Celiac Disease,MESH:D002446,,Azathioprine,3.26,1
PSMB9,5698,Celiac Disease,MESH:D002446,,Azathioprine,3.26,1
RHOC,389,Celiac Disease,MESH:D002446,,Azathioprine,3.26,1
SLC16A6,9120,Celiac Disease,MESH:D002446,,Azathioprine,3.26,1
TNFAIP2,7127,Celiac Disease,MESH:D002446,,Azathioprine,3.26,1
TNFRSF19,55504,Celiac Disease,MESH:D002446,,Azathioprine,3.26,1
UBE2T,29089,Celiac Disease,MESH:D002446,,Azathioprine,3.26,1
FGF7,2252,Celiac Disease,MESH:D002446,,Azathioprine,3.25,1
GLUD1,2746,Celiac Disease,MESH:D002446,,Azathioprine,3.25,1
MXD1,4084,Celiac Disease,MESH:D002446,,Azathioprine,3.25,1
SMOX,54498,Celiac Disease,MESH:D002446,,Azathioprine,3.25,1
SPC25,57405,Celiac Disease,MESH:D002446,,Azathioprine,3.25,1
TRIP13,9319,Celiac Disease,MESH:D002446,,Azathioprine,3.25,1
ACSL5,51703,Celiac Disease,MESH:D002446,,Azathioprine,3.24,1
CAT,847,Celiac Disease,MESH:D002446,,Vitamin B 12,3.24,1
CKAP2,26586,Celiac Disease,MESH:D002446,,Azathioprine,3.24,1
EFEMP1,2202,Celiac Disease,MESH:D002446,,Azathioprine,3.24,1
GMNN,51053,Celiac Disease,MESH:D002446,,Azathioprine,3.24,1
GPAT3,84803,Celiac Disease,MESH:D002446,,Azathioprine,3.24,1
LY96,23643,Celiac Disease,MESH:D002446,,Azathioprine,3.24,1
MAP1B,4131,Celiac Disease,MESH:D002446,,Azathioprine,3.24,1
MSH6,2956,Celiac Disease,MESH:D002446,,Azathioprine,3.24,1
PTCH1,5727,Celiac Disease,MESH:D002446,,Azathioprine,3.24,1
RACGAP1,29127,Celiac Disease,MESH:D002446,,Azathioprine,3.24,1
CDKN2A,1029,Celiac Disease,MESH:D002446,,Prednisone,3.23,1
FBLN1,2192,Celiac Disease,MESH:D002446,,Azathioprine,3.23,1
HELLS,3070,Celiac Disease,MESH:D002446,,Azathioprine,3.23,1
IL6,3569,Celiac Disease,MESH:D002446,,Azathioprine|tofacitinib|Vitamin B 12,3.23,3
ISG20,3669,Celiac Disease,MESH:D002446,,Azathioprine,3.23,1
LTF,4057,Celiac Disease,MESH:D002446,,Azathioprine,3.23,1
MCM10,55388,Celiac Disease,MESH:D002446,,Azathioprine,3.23,1
PLAT,5327,Celiac Disease,MESH:D002446,,Prednisone,3.23,1
RAD51AP1,10635,Celiac Disease,MESH:D002446,,Azathioprine,3.23,1
RGCC,28984,Celiac Disease,MESH:D002446,,Azathioprine,3.23,1
ZFAND2A,90637,Celiac Disease,MESH:D002446,,Azathioprine,3.23,1
CDCA3,83461,Celiac Disease,MESH:D002446,,Azathioprine,3.22,1
CDCA8,55143,Celiac Disease,MESH:D002446,,Azathioprine,3.22,1
CENPA,1058,Celiac Disease,MESH:D002446,,Azathioprine,3.22,1
CENPE,1062,Celiac Disease,MESH:D002446,,Azathioprine,3.22,1
FEN1,2237,Celiac Disease,MESH:D002446,,Azathioprine,3.22,1
NEK2,4751,Celiac Disease,MESH:D002446,,Azathioprine,3.22,1
PHLDA2,7262,Celiac Disease,MESH:D002446,,Azathioprine,3.22,1
PLK3,1263,Celiac Disease,MESH:D002446,,Azathioprine,3.22,1
RNASE4,6038,Celiac Disease,MESH:D002446,,Azathioprine,3.22,1
SERPINA7,6906,Celiac Disease,MESH:D002446,,Azathioprine,3.22,1
SPINK1,6690,Celiac Disease,MESH:D002446,,Azathioprine,3.22,1
DLGAP5,9787,Celiac Disease,MESH:D002446,,Azathioprine,3.21,1
FMO5,2330,Celiac Disease,MESH:D002446,,Azathioprine,3.21,1
IFNB1,3456,Celiac Disease,MESH:D002446,,Azathioprine,3.21,1
KYNU,8942,Celiac Disease,MESH:D002446,,Azathioprine,3.21,1
RGS4,5999,Celiac Disease,MESH:D002446,,Azathioprine,3.21,1
TPX2,22974,Celiac Disease,MESH:D002446,,Azathioprine,3.21,1
TTK,7272,Celiac Disease,MESH:D002446,,Azathioprine,3.21,1
TUBB4B,10383,Celiac Disease,MESH:D002446,,Azathioprine,3.21,1
ZWINT,11130,Celiac Disease,MESH:D002446,,Azathioprine,3.21,1
FABP4,2167,Celiac Disease,MESH:D002446,,Prednisone,3.20,1
HK1,3098,Celiac Disease,MESH:D002446,,Azathioprine,3.20,1
SLC6A6,6533,Celiac Disease,MESH:D002446,,Azathioprine,3.20,1
TMPO,7112,Celiac Disease,MESH:D002446,,Azathioprine,3.20,1
HMMR,3161,Celiac Disease,MESH:D002446,,Azathioprine,3.19,1
KIF23,9493,Celiac Disease,MESH:D002446,,Azathioprine,3.19,1
MSH2,4436,Celiac Disease,MESH:D002446,,Azathioprine,3.19,1
MAD2L1,4085,Celiac Disease,MESH:D002446,,Azathioprine,3.18,1
NDC80,10403,Celiac Disease,MESH:D002446,,Azathioprine,3.18,1
TRIB1,10221,Celiac Disease,MESH:D002446,,Azathioprine,3.18,1
BCL2A1,597,Celiac Disease,MESH:D002446,,Azathioprine,3.17,1
KIF2C,11004,Celiac Disease,MESH:D002446,,Azathioprine,3.17,1
MMP10,4319,Celiac Disease,MESH:D002446,,Azathioprine,3.17,1
NCF2,4688,Celiac Disease,MESH:D002446,,Azathioprine,3.17,1
PROM1,8842,Celiac Disease,MESH:D002446,,Azathioprine,3.17,1
RASD1,51655,Celiac Disease,MESH:D002446,,Azathioprine,3.17,1
RRM1,6240,Celiac Disease,MESH:D002446,,Azathioprine,3.17,1
AGER,177,Celiac Disease,MESH:D002446,,Azathioprine,3.16,1
E2F8,79733,Celiac Disease,MESH:D002446,,Azathioprine,3.16,1
ERCC1,2067,Celiac Disease,MESH:D002446,,Azathioprine,3.16,1
FOXM1,2305,Celiac Disease,MESH:D002446,,Azathioprine,3.16,1
PLPP3,8613,Celiac Disease,MESH:D002446,,Azathioprine,3.16,1
PRC1,9055,Celiac Disease,MESH:D002446,,Azathioprine,3.16,1
PTGS2,5743,Celiac Disease,MESH:D002446,,Azathioprine|Mesalamine,3.16,2
SKP2,6502,Celiac Disease,MESH:D002446,,Azathioprine,3.16,1
UPP1,7378,Celiac Disease,MESH:D002446,,Azathioprine,3.16,1
ADIPOQ,9370,Celiac Disease,MESH:D002446,,Prednisone,3.15,1
ASPM,259266,Celiac Disease,MESH:D002446,,Azathioprine,3.15,1
BRCA2,675,Celiac Disease,MESH:D002446,,Azathioprine,3.15,1
EZH2,2146,Celiac Disease,MESH:D002446,,Azathioprine,3.15,1
IL11,3589,Celiac Disease,MESH:D002446,,Azathioprine,3.15,1
KIF11,3832,Celiac Disease,MESH:D002446,,Azathioprine,3.15,1
MCM3,4172,Celiac Disease,MESH:D002446,,Azathioprine,3.15,1
OSGIN1,29948,Celiac Disease,MESH:D002446,,Azathioprine,3.15,1
POMC,5443,Celiac Disease,MESH:D002446,,Prednisone,3.15,1
PPP1R3C,5507,Celiac Disease,MESH:D002446,,Azathioprine,3.15,1
S100A11,6282,Celiac Disease,MESH:D002446,,Azathioprine,3.15,1
UNG,7374,Celiac Disease,MESH:D002446,,Azathioprine,3.15,1
CASP3,836,Celiac Disease,MESH:D002446,,Mesalamine|Vitamin B 12,3.14,2
DKK1,22943,Celiac Disease,MESH:D002446,,Azathioprine,3.14,1
HADH,3033,Celiac Disease,MESH:D002446,,Azathioprine,3.14,1
MARCKS,4082,Celiac Disease,MESH:D002446,,Azathioprine,3.14,1
NR4A3,8013,Celiac Disease,MESH:D002446,,Azathioprine,3.14,1
NUSAP1,51203,Celiac Disease,MESH:D002446,,Azathioprine,3.14,1
SERPINA1,5265,Celiac Disease,MESH:D002446,,Azathioprine,3.14,1
SFN,2810,Celiac Disease,MESH:D002446,,Azathioprine,3.14,1
SLC20A1,6574,Celiac Disease,MESH:D002446,,Azathioprine,3.14,1
SLC22A2,6582,Celiac Disease,MESH:D002446,,Prednisone,3.14,1
BUB1,699,Celiac Disease,MESH:D002446,,Azathioprine,3.13,1
BUB1B,701,Celiac Disease,MESH:D002446,,Azathioprine,3.13,1
CDC25A,993,Celiac Disease,MESH:D002446,,Azathioprine,3.13,1
DPP4,1803,Celiac Disease,MESH:D002446,,Azathioprine,3.13,1
KIF20A,10112,Celiac Disease,MESH:D002446,,Azathioprine,3.13,1
KLF5,688,Celiac Disease,MESH:D002446,,Azathioprine,3.13,1
MCM4,4173,Celiac Disease,MESH:D002446,,Azathioprine,3.13,1
CDC6,990,Celiac Disease,MESH:D002446,,Azathioprine,3.12,1
DNMT3B,1789,Celiac Disease,MESH:D002446,,Azathioprine,3.12,1
JAG1,182,Celiac Disease,MESH:D002446,,Azathioprine,3.12,1
LMNB1,4001,Celiac Disease,MESH:D002446,,Azathioprine,3.12,1
PBK,55872,Celiac Disease,MESH:D002446,,Azathioprine,3.12,1
SERPINE2,5270,Celiac Disease,MESH:D002446,,Azathioprine,3.12,1
IDH1,3417,Celiac Disease,MESH:D002446,,Azathioprine,3.11,1
SLCO1A1,28248,Celiac Disease,MESH:D002446,,Azathioprine,3.11,1
ACAT2,39,Celiac Disease,MESH:D002446,,Azathioprine,3.10,1
ADORA2A,135,Celiac Disease,MESH:D002446,,Azathioprine,3.10,1
AOX1,316,Celiac Disease,MESH:D002446,,Azathioprine,3.10,1
GLRX,2745,Celiac Disease,MESH:D002446,,Azathioprine,3.10,1
HMGB2,3148,Celiac Disease,MESH:D002446,,Azathioprine,3.10,1
HP,3240,Celiac Disease,MESH:D002446,,Azathioprine,3.10,1
MAP2K6,5608,Celiac Disease,MESH:D002446,,Azathioprine,3.10,1
ORM1,5004,Celiac Disease,MESH:D002446,,Azathioprine,3.10,1
ABCG5,64240,Celiac Disease,MESH:D002446,,Azathioprine,3.09,1
CDKN3,1033,Celiac Disease,MESH:D002446,,Azathioprine,3.09,1
CENPF,1063,Celiac Disease,MESH:D002446,,Azathioprine,3.09,1
DDC,1644,Celiac Disease,MESH:D002446,,Azathioprine,3.09,1
DPYD,1806,Celiac Disease,MESH:D002446,,Azathioprine,3.09,1
GSS,2937,Celiac Disease,MESH:D002446,,Azathioprine,3.09,1
MCM5,4174,Celiac Disease,MESH:D002446,,Azathioprine,3.09,1
PIM1,5292,Celiac Disease,MESH:D002446,,Azathioprine,3.09,1
ENPP2,5168,Celiac Disease,MESH:D002446,,Azathioprine,3.08,1
RB1,5925,Celiac Disease,MESH:D002446,,Prednisone,3.08,1
STS,412,Celiac Disease,MESH:D002446,,Azathioprine,3.08,1
CDKN1B,1027,Celiac Disease,MESH:D002446,,Prednisone,3.07,1
FST,10468,Celiac Disease,MESH:D002446,,Azathioprine,3.07,1
INS,3630,Celiac Disease,MESH:D002446,,Prednisone,3.07,1
MCM6,4175,Celiac Disease,MESH:D002446,,Azathioprine,3.07,1
PHGDH,26227,Celiac Disease,MESH:D002446,,Azathioprine,3.07,1
UBE2C,11065,Celiac Disease,MESH:D002446,,Azathioprine,3.07,1
AQP3,360,Celiac Disease,MESH:D002446,,Azathioprine,3.06,1
EHHADH,1962,Celiac Disease,MESH:D002446,,Azathioprine,3.06,1
FGA,2243,Celiac Disease,MESH:D002446,,Azathioprine,3.06,1
IRF1,3659,Celiac Disease,MESH:D002446,,Azathioprine,3.06,1
MAPK3,5595,Celiac Disease,MESH:D002446,,Azathioprine|tofacitinib,3.06,2
MCM2,4171,Celiac Disease,MESH:D002446,,Azathioprine,3.06,1
NR3C1,2908,Celiac Disease,MESH:D002446,,Prednisone,3.06,1
SLC40A1,30061,Celiac Disease,MESH:D002446,,Azathioprine,3.06,1
CKB,1152,Celiac Disease,MESH:D002446,,Azathioprine,3.05,1
DUSP5,1847,Celiac Disease,MESH:D002446,,Azathioprine,3.05,1
EGR2,1959,Celiac Disease,MESH:D002446,,Azathioprine,3.05,1
HK2,3099,Celiac Disease,MESH:D002446,,Azathioprine,3.05,1
MAPK1,5594,Celiac Disease,MESH:D002446,,Azathioprine|tofacitinib,3.05,2
PDGFA,5154,Celiac Disease,MESH:D002446,,Azathioprine,3.05,1
TK1,7083,Celiac Disease,MESH:D002446,,Azathioprine,3.04,1
AURKA,6790,Celiac Disease,MESH:D002446,,Azathioprine,3.03,1
AURKB,9212,Celiac Disease,MESH:D002446,,Azathioprine,3.03,1
CTSL,1514,Celiac Disease,MESH:D002446,,Azathioprine,3.03,1
KLF6,1316,Celiac Disease,MESH:D002446,,Azathioprine,3.03,1
LIF,3976,Celiac Disease,MESH:D002446,,Azathioprine,3.03,1
PTGR1,22949,Celiac Disease,MESH:D002446,,Azathioprine,3.03,1
SESN2,83667,Celiac Disease,MESH:D002446,,Azathioprine,3.03,1
CA2,760,Celiac Disease,MESH:D002446,,Azathioprine,3.02,1
RAC1,5879,Celiac Disease,MESH:D002446,,Azathioprine,3.02,1
SLC2A2,6514,Celiac Disease,MESH:D002446,,Azathioprine,3.02,1
TNFRSF12A,51330,Celiac Disease,MESH:D002446,,Azathioprine,3.02,1
DIO1,1733,Celiac Disease,MESH:D002446,,Azathioprine,3.01,1
HIF1A,3091,Celiac Disease,MESH:D002446,,Prednisone,3.01,1
ADM,133,Celiac Disease,MESH:D002446,,Azathioprine,3.00,1
CCNE2,9134,Celiac Disease,MESH:D002446,,Azathioprine,3.00,1
CDC20,991,Celiac Disease,MESH:D002446,,Azathioprine,3.00,1
IDI1,3422,Celiac Disease,MESH:D002446,,Azathioprine,3.00,1
SLC10A1,6554,Celiac Disease,MESH:D002446,,Azathioprine,3.00,1
FABP1,2168,Celiac Disease,MESH:D002446,,Azathioprine,2.99,1
ID3,3399,Celiac Disease,MESH:D002446,,Azathioprine,2.99,1
MSMO1,6307,Celiac Disease,MESH:D002446,,Azathioprine,2.99,1
NLRP3,114548,Celiac Disease,MESH:D002446,,Azathioprine,2.99,1
SQLE,6713,Celiac Disease,MESH:D002446,,Azathioprine,2.99,1
AKR1B10,57016,Celiac Disease,MESH:D002446,,Azathioprine,2.98,1
CDC25C,995,Celiac Disease,MESH:D002446,,Azathioprine,2.98,1
CSF3,1440,Celiac Disease,MESH:D002446,,Azathioprine,2.98,1
FOXO1,2308,Celiac Disease,MESH:D002446,,Azathioprine,2.98,1
GPX2,2877,Celiac Disease,MESH:D002446,,Azathioprine,2.98,1
S100A8,6279,Celiac Disease,MESH:D002446,,Azathioprine,2.98,1
SLC3A2,6520,Celiac Disease,MESH:D002446,,Azathioprine,2.98,1
STMN1,3925,Celiac Disease,MESH:D002446,,Azathioprine,2.98,1
HSD11B1,3290,Celiac Disease,MESH:D002446,,Azathioprine,2.97,1
IER3,8870,Celiac Disease,MESH:D002446,,Azathioprine,2.97,1
GPX3,2878,Celiac Disease,MESH:D002446,,Azathioprine,2.96,1
MET,4233,Celiac Disease,MESH:D002446,,Azathioprine,2.96,1
MAFF,23764,Celiac Disease,MESH:D002446,,Azathioprine,2.95,1
RRM2,6241,Celiac Disease,MESH:D002446,,Azathioprine,2.95,1
AKR1C2,1646,Celiac Disease,MESH:D002446,,Azathioprine,2.94,1
GADD45B,4616,Celiac Disease,MESH:D002446,,Azathioprine,2.94,1
NDRG1,10397,Celiac Disease,MESH:D002446,,Azathioprine,2.94,1
TLR2,7097,Celiac Disease,MESH:D002446,,Azathioprine,2.94,1
CCN1,3491,Celiac Disease,MESH:D002446,,Azathioprine,2.93,1
CHEK1,1111,Celiac Disease,MESH:D002446,,Azathioprine,2.93,1
PPP1R15A,23645,Celiac Disease,MESH:D002446,,Azathioprine,2.93,1
CD14,929,Celiac Disease,MESH:D002446,,Azathioprine,2.92,1
CTSB,1508,Celiac Disease,MESH:D002446,,Azathioprine,2.92,1
IRS1,3667,Celiac Disease,MESH:D002446,,Azathioprine,2.92,1
SGK1,6446,Celiac Disease,MESH:D002446,,Azathioprine,2.92,1
TXNIP,10628,Celiac Disease,MESH:D002446,,Azathioprine,2.92,1
ABCB4,5244,Celiac Disease,MESH:D002446,,Azathioprine,2.91,1
CXCR4,7852,Celiac Disease,MESH:D002446,,Azathioprine,2.91,1
IL1RN,3557,Celiac Disease,MESH:D002446,,Azathioprine,2.91,1
ASNS,440,Celiac Disease,MESH:D002446,,Azathioprine,2.90,1
KEAP1,9817,Celiac Disease,MESH:D002446,,Azathioprine,2.90,1
AR,367,Celiac Disease,MESH:D002446,,Prednisone,2.89,1
FOSL1,8061,Celiac Disease,MESH:D002446,,Azathioprine,2.89,1
HMGB1,3146,Celiac Disease,MESH:D002446,,Azathioprine,2.89,1
SLC7A11,23657,Celiac Disease,MESH:D002446,,Azathioprine,2.89,1
SRXN1,140809,Celiac Disease,MESH:D002446,,Azathioprine,2.89,1
TRIB3,57761,Celiac Disease,MESH:D002446,,Azathioprine,2.89,1
MAP2K1,5604,Celiac Disease,MESH:D002446,,Azathioprine,2.88,1
ABCC4,10257,Celiac Disease,MESH:D002446,,Azathioprine,2.87,1
IGF1R,3480,Celiac Disease,MESH:D002446,,Azathioprine,2.87,1
IGFBP3,3486,Celiac Disease,MESH:D002446,,Azathioprine,2.87,1
TNFRSF1A,7132,Celiac Disease,MESH:D002446,,Azathioprine,2.84,1
RPS6KB1,6198,Celiac Disease,MESH:D002446,,Azathioprine,2.83,1
GDF15,9518,Celiac Disease,MESH:D002446,,Azathioprine,2.82,1
GSTA2,2939,Celiac Disease,MESH:D002446,,Azathioprine,2.82,1
DUSP1,1843,Celiac Disease,MESH:D002446,,Azathioprine,2.81,1
GSTA1,2938,Celiac Disease,MESH:D002446,,Azathioprine,2.81,1
TOP2A,7153,Celiac Disease,MESH:D002446,,Azathioprine,2.81,1
XDH,7498,Celiac Disease,MESH:D002446,,Azathioprine,2.81,1
ALDH1A1,216,Celiac Disease,MESH:D002446,,Azathioprine,2.77,1
ABCB11,8647,Celiac Disease,MESH:D002446,,Azathioprine,2.76,1
EPHX1,2052,Celiac Disease,MESH:D002446,,Azathioprine,2.76,1
MKI67,4288,Celiac Disease,MESH:D002446,,Azathioprine,2.76,1
CCNA2,890,Celiac Disease,MESH:D002446,,Azathioprine,2.75,1
H2AX,3014,Celiac Disease,MESH:D002446,,Azathioprine,2.75,1
TXNRD1,7296,Celiac Disease,MESH:D002446,,Azathioprine,2.75,1
ABCG2,9429,Celiac Disease,MESH:D002446,,Azathioprine,2.74,1
MTOR,2475,Celiac Disease,MESH:D002446,,Azathioprine,2.73,1
TLR4,7099,Celiac Disease,MESH:D002446,,Azathioprine,2.72,1
CXCL2,2920,Celiac Disease,MESH:D002446,,Azathioprine,2.71,1
HMGCR,3156,Celiac Disease,MESH:D002446,,Azathioprine,2.71,1
CDK1,983,Celiac Disease,MESH:D002446,,Azathioprine,2.69,1
SQSTM1,8878,Celiac Disease,MESH:D002446,,Azathioprine,2.68,1
TIMP1,7076,Celiac Disease,MESH:D002446,,Azathioprine,2.68,1
BIRC5,332,Celiac Disease,MESH:D002446,,Azathioprine,2.66,1
ABCC2,1244,Celiac Disease,MESH:D002446,,Azathioprine,2.65,1
CCNB1,891,Celiac Disease,MESH:D002446,,Azathioprine,2.65,1
EGR1,1958,Celiac Disease,MESH:D002446,,Azathioprine,2.64,1
IGF1,3479,Celiac Disease,MESH:D002446,,Azathioprine,2.64,1
PCNA,5111,Celiac Disease,MESH:D002446,,Azathioprine,2.63,1
COL1A1,1277,Celiac Disease,MESH:D002446,,Azathioprine,2.62,1
BCL2L1,598,Celiac Disease,MESH:D002446,,Azathioprine,2.56,1
DDIT3,1649,Celiac Disease,MESH:D002446,,Azathioprine,2.56,1
GSR,2936,Celiac Disease,MESH:D002446,,Azathioprine,2.56,1
NQO1,1728,Celiac Disease,MESH:D002446,,Azathioprine,2.49,1
SOD2,6648,Celiac Disease,MESH:D002446,,Azathioprine,2.49,1
FOS,2353,Celiac Disease,MESH:D002446,,Azathioprine,2.48,1
CXCL8,3576,Celiac Disease,MESH:D002446,,Azathioprine,2.46,1
TP53,7157,Celiac Disease,MESH:D002446,,Azathioprine,2.44,1
