GeneID,Gene,Aliases,description,other_designations,map_location,chromosome,genomic_nucleotide_accession.version,start_position_on_the_genomic_accession,end_position_on_the_genomic_accession,orientation,exon_count,OMIM
1493,CTLA4,"ALPS5, CD, CD152, CELIAC3, CTLA-4, GRD4, GSE, IDDM12",cytotoxic T-lymphocyte associated protein 4,cytotoxic T-lymphocyte protein 4|celiac disease 3|cytotoxic T lymphocyte associated antigen 4 short spliced form|cytotoxic T-lymphocyte-associated serine esterase-4|insulin-dependent diabetes mellitus 12|ligand and transmembrane spliced cytotoxic T lymphocyte associated antigen 4,2q33.2,2,NC_000002.12,203867771,203873965,plus,4,123890
3558,IL2,"IL-2, TCGF, lymphokine",interleukin 2,interleukin-2|T cell growth factor|aldesleukin|involved in regulation of T-cell clonal expansion,4q27,4,NC_000004.12,122451470,122456725,minus,4,147680
59067,IL21,"CVID11, IL-21, Za11",interleukin 21,interleukin-21,4q27,4,NC_000004.12,122610108,122621066,minus,5,605384
356,FASLG,"ALPS1B, APT1LG1, APTL, CD178, CD95-L, CD95L, FASL, TNFSF6, TNLG1A",Fas ligand,"tumor necrosis factor ligand superfamily member 6|CD95 ligand|Fas ligand (TNF superfamily, member 6)|apoptosis (APO-1) antigen ligand 1|apoptosis antigen ligand|fas antigen ligand|mutant tumor necrosis factor family member 6|tumor necrosis factor ligand 1A",1q24.3,1,NC_000001.11,172659103,172666876,plus,4,134638
729230,CCR2,"CC-CKR-2, CCR-2A, CCR2B, CD192, CKR2, CKR2A, CKR2B, CMKBR2, MCP-1-R, CCR2",C-C motif chemokine receptor 2,C-C chemokine receptor type 2|MCP-1 receptor|chemokine (C-C motif) receptor 2|monocyte chemoattractant protein 1 receptor|monocyte chemotactic protein 1 receptor,3p21.31,3,NC_000003.12,46354111,46360940,plus,3,601267
3117,HLA-DQA1,"CELIAC1, DQ-A1, DQA1, HLA-DQA","major histocompatibility complex, class II, DQ alpha 1","HLA class II histocompatibility antigen, DQ alpha 1 chain|DC-1 alpha chain|DC-alpha|HLA class II histocompatibility antigen DQ alpha chain|HLA-DCA|MHC HLA-DQ alpha|MHC class II DQ alpha chain|MHC class II DQA1|MHC class II HLA-DQ-alpha-1|MHC class II antigen DQA1|MHC class II protein|truncated MHC class II antigen",6p21.32,6,NC_000006.12,32637406,32654846,plus,6,146880
1232,CCR3,"C C CKR3, CC-CKR-3, CD193, CKR 3, CKR3, CMKBR3",C-C motif chemokine receptor 3,C-C chemokine receptor type 3|C-C CKR-3|CC chemokine receptor 3|CCR-3|b-chemokine receptor|chemokine (C-C motif) receptor 3|eosinophil CC chemokine receptor 3|eosinophil eotaxin receptor,3p21.31,3,NC_000003.12,46210699,46266706,plus,6,601268
6311,ATXN2,"ATX2, SCA2, TNRC13",ataxin 2,ataxin-2|spinocerebellar ataxia type 2 protein|trinucleotide repeat-containing gene 13 protein,12q24.12,12,NC_000012.12,111452214,111599673,minus,27,601517
7292,TNFSF4,"CD134L, CD252, GP34, OX-40L, OX4OL, TNLG2B, TXGP1",TNF superfamily member 4,tumor necrosis factor ligand superfamily member 4|CD134 ligand|OX40 antigen ligand|glycoprotein Gp34|tax-transcriptionally activated glycoprotein 1 (34kD)|tumor necrosis factor (ligand) superfamily member 4|tumor necrosis factor ligand 2B|tumor necrosis factor superfamily member 4,1q25.1,1,NC_000001.11,173183729,173462208,minus,13,603594
10019,SH2B3,"IDDM20, LNK",SH2B adaptor protein 3,SH2B adapter protein 3|lymphocyte-specific adapter protein Lnk|signal transduction protein Lnk|truncated SH2B3,12q24.12,12,NC_000012.12,111405107,111451623,plus,12,605093
3119,HLA-DQB1,"CELIAC1, HLA-DQB, IDDM1","major histocompatibility complex, class II, DQ beta 1","HLA class II histocompatibility antigen, DQ beta 1 chain|MHC class II DQ beta chain|MHC class II HLA-DQ beta glycoprotein|MHC class II antigen DQB1|MHC class II antigen HLA-DQ-beta-1",6p21.32,6,NC_000006.12,32659467,32666657,minus,6,604305
3592,IL12A,"CLMF, IL-12A, NFSK, NKSF1, P35",interleukin 12A,"interleukin-12 subunit alpha|CLMF p35|IL-12, subunit p35|IL35 subunit|NF cell stimulatory factor chain 1|NK cell stimulatory factor chain 1|cytotoxic lymphocyte maturation factor 1, p35|cytotoxic lymphocyte maturation factor 35 kDa subunit|interleukin 12, p35|interleukin 12A (natural killer cell stimulatory factor 1, cytotoxic lymphocyte maturation factor 1, p35)|interleukin-12 alpha chain",3q25.33,3,NC_000003.12,159988835,159996019,plus,7,161560
60468,BACH2,"BTBD25, IMD60",BTB domain and CNC homolog 2,"transcription regulator protein BACH2|BTB and CNC homolog 2|BTB and CNC homology 1, basic leucine zipper transcription factor 2",6q15,6,NC_000006.12,89926528,90296843,minus,14,605394
1234,CCR5,"CC-CKR-5, CCCKR5, CCR-5, CD195, CKR-5, CKR5, CMKBR5, IDDM22",C-C motif chemokine receptor 5,C-C chemokine receptor type 5|C-C motif chemokine receptor 5 A159A|HIV-1 fusion coreceptor|chemokine (C-C motif) receptor 5|chemokine receptor CCR5|chemokine recptor CCR5 Delta32|chemr13,3p21.31,3,NC_000003.12,46370142,46376206,plus,3,601373
7124,TNF,"DIF-alpha, TNFA, TNFSF2, TNLG1F, TNF",tumor necrosis factor,"tumor necrosis factor|APC1 protein|TNF, macrophage-derived|TNF, monocyte-derived|TNF-a|tumor necrosis factor ligand 1F|tumor necrosis factor ligand superfamily member 2|tumor necrosis factor-alpha",6p21.33,6,NC_000006.12,31575565,31578336,plus,4,191160
9173,IL1RL1,"DER4, FIT-1, IL33R, ST2, ST2L, ST2V, T1",interleukin 1 receptor like 1,interleukin-1 receptor-like 1|growth stimulation-expressed|homolog of mouse growth stimulation-expressed|interleukin 1 receptor-related protein,2q12.1,2,NC_000002.12,102311529,102352367,plus,13,601203
919,CD247,"CD3-ZETA, CD3H, CD3Q, CD3Z, IMD25, T3Z, TCRZ",CD247 molecule,"T-cell surface glycoprotein CD3 zeta chain|CD247 antigen, zeta subunit|CD3Z antigen, zeta polypeptide (TiT3 complex)|CD3zeta chain|T-cell antigen receptor complex, zeta subunit of CD3|T-cell receptor T3 zeta chain|TCR zeta chain",1q24.2,1,NC_000001.11,167430640,167518542,minus,10,186780
8995,TNFSF18,"AITRL, GITRL, TL6, TNLG2A, hGITRL",TNF superfamily member 18,"tumor necrosis factor ligand superfamily member 18|AITR ligand|GITR ligand|activation-inducible TNF-related ligand|glucocorticoid-induced TNF-related ligand|glucocorticoid-induced TNFR-related protein ligand|tumor necrosis factor (ligand) superfamily, member 18|tumor necrosis factor ligand 2A|tumor necrosis factor superfamily member 18",1q25.1,1,NC_000001.11,173039202,173050941,minus,3,603898
84162,KIAA1109,"ALKKUCS, FSA, Tweek",KIAA1109,transmembrane protein KIAA1109|fragile site-associated protein,4q27,4,NC_000004.12,122152331,122362752,plus,94,611565
117289,TAGAP,"ARHGAP47, FKSG15, IDDM211, TAGAP",T cell activation RhoGTPase activating protein,T-cell activation Rho GTPase-activating protein,6q25.3,6,NC_000006.12,159034481,159044991,minus,10,609667
5588,PRKCQ,"PRKCT, nPKC-theta",protein kinase C theta,protein kinase C theta type,10p15.1,10,NC_000010.11,6393038,6580646,minus,23,600448
7332,UBE2L3,"E2-F1, L-UBC, UBCH7, UbcM4",ubiquitin conjugating enzyme E2 L3,ubiquitin-conjugating enzyme E2 L3|E2 ubiquitin-conjugating enzyme L3|ubiquitin carrier protein L3|ubiquitin conjugating enzyme E2L 3|ubiquitin-conjugating enzyme E2-F1|ubiquitin-conjugating enzyme UBCH7|ubiquitin-protein ligase L3,22q11.21,22,NC_000022.11,21549447,21624034,plus,6,603721
3630,INS,"IDDM, IDDM1, IDDM2, ILPR, IRDN, MODY10, PNDM4",insulin,insulin|preproinsulin|proinsulin,11p15.5,11,NC_000011.10,2159779,2161209,minus,3,176730
5771,PTPN2,"PTN2, PTPT, TC-PTP, TCELLPTP, TCPTP",protein tyrosine phosphatase non-receptor type 2,tyrosine-protein phosphatase non-receptor type 2|T-cell protein tyrosine phosphatase,18p11.21,18,NC_000018.10,12785478,12884351,minus,16,176887
1230,CCR1,"CD191, CKR-1, CKR1, CMKBR1, HM145, MIP1aR, SCYAR1",C-C motif chemokine receptor 1,C-C chemokine receptor type 1|C-C CKR-1|CC-CKR-1|CCR-1|LD78 receptor|MIP-1alpha-R|RANTES receptor|RANTES-R|chemokine (C-C motif) receptor 1|macrophage inflammatory protein 1-alpha receptor,3p21.31,3,NC_000003.12,46201711,46208313,minus,2,601159
5209,PFKFB3,"IPFK2, PFK2, iPFK-2","6-phosphofructo-2-kinase/fructose-2,6-biphosphatase 3","6-phosphofructo-2-kinase/fructose-2,6-bisphosphatase 3|6-phosphofructo-2-kinase/ fructose-2,6-bisphosphatase|6PF-2-K/Fru-2,6-P2ase 3|6PF-2-K/Fru-2,6-P2ase brain/placenta-type isozyme|PFK/FBPase 3|fructose-6-phosphate,2-kinase/fructose-2, 6-bisphosphatase|inducible 6-phosphofructo-2-kinase/fructose-2,6-bisphosphatase|renal carcinoma antigen NY-REN-56",10p15.1,10,NC_000010.11,6144918,6254648,plus,20,605319
3481,IGF2,"C11orf43, GRDF, IGF-II, PP9974, SRS3",insulin like growth factor 2,insulin-like growth factor II|T3M-11-derived growth factor|insulin-like growth factor 2 (somatomedin A)|insulin-like growth factor type 2|preptin,11p15.5,11,NC_000011.10,2129112,2149603,minus,9,147470
3123,HLA-DRB1,"DRB1, HLA-DR1B, HLA-DRB, SS1","major histocompatibility complex, class II, DR beta 1","major histocompatibility complex, class II, DR beta 1 precursor|HLA class II histocompatibility antigen, DR-1 beta chain|MHC class II HLA-DR beta 1 chain|human leucocyte antigen DRB1|lymphocyte antigen DRB1",6p21.32,6,NC_000006.12,32578775,32589848,minus,6,142857
3569,IL6,"BSF-2, BSF2, CDF, HGF, HSF, IFN-beta-2, IFNB2, IL-6",interleukin 6,interleukin-6|B-cell differentiation factor|B-cell stimulatory factor 2|CTL differentiation factor|hybridoma growth factor|interferon beta-2|interleukin BSF-2,7p15.3,7,NC_000007.14,22725889,22732002,plus,6,147620
317782,CELIAC2,"CD, GSE",celiac disease 2,,5q31-q33,5,,,,,,609754
31,ACACA,"ACACD, ACC, ACC1, ACCA, ACACA",acetyl-CoA carboxylase alpha,acetyl-CoA carboxylase 1|ACC-alpha|acetyl-Coenzyme A carboxylase alpha,17q12,17,NC_000017.11,37084992,37406836,minus,63,200350
354,KLK3,"APS, KLK2A1, PSA, hK3",kallikrein related peptidase 3,prostate-specific antigen|P-30 antigen|gamma-seminoprotein|kallikrein-3|semenogelase|seminin,19q13.33,19,NC_000019.10,50854915,50860764,plus,5,176820
7099,TLR4,"ARMD10, CD284, TLR-4, TOLL",toll like receptor 4,toll-like receptor 4|hToll|homolog of Drosophila toll|toll like receptor 4 protein,9q33.1,9,NC_000009.12,117704403,117724735,plus,4,603030
3458,IFNG,"IFG, IFI, IMD69",interferon gamma,interferon gamma|IFN-gamma|immune interferon,12q15,12,NC_000012.12,68154768,68159740,minus,4,147570
7128,TNFAIP3,"A20, AISBL, OTUD7C, TNFA1P2",TNF alpha induced protein 3,"tumor necrosis factor alpha-induced protein 3|OTU domain-containing protein 7C|putative DNA-binding protein A20|tumor necrosis factor inducible protein A20|tumor necrosis factor, alpha induced protein 3|zinc finger protein A20",6q23.3,6,NC_000006.12,137866317,137883312,plus,13,191163
7040,TGFB1,"CED, DPD1, IBDIMDE, LAP, TGF-beta1, TGFB, TGFbeta",transforming growth factor beta 1,transforming growth factor beta-1 proprotein|TGF-beta-1|latency-associated peptide|prepro-transforming growth factor beta-1|transforming growth factor beta1,19q13.2,19,NC_000019.10,41330323,41353922,minus,7,190180
3586,IL10,"CSIF, GVHDS, IL-10A, TGIF, IL10",interleukin 10,interleukin-10|T-cell growth inhibitory factor|cytokine synthesis inhibitory factor,1q32.1,1,NC_000001.11,206767602,206772494,minus,7,124092
4524,MTHFR,,methylenetetrahydrofolate reductase,"methylenetetrahydrofolate reductase|5,10-methylenetetrahydrofolate reductase (NADPH)|methylenetetrahydrofolate reductase (NAD(P)H)",1p36.22,1,NC_000001.11,11785723,11806103,minus,12,607093
11315,PARK7,"DJ-1, DJ1, GATD2, HEL-S-67p",Parkinsonism associated deglycase,"Parkinson disease protein 7|Parkinson disease (autosomal recessive, early onset) 7|epididymis secretory sperm binding protein Li 67p|maillard deglycase|oncogene DJ1|parkinson protein 7|protein DJ-1|protein deglycase DJ-1|protein/nucleic acid deglycase DJ-1",1p36.23,1,NC_000001.11,7961711,7985505,plus,8,602533
283120,H19,"ASM, ASM1, BWS, D11S813E, LINC00008, MIR675HG, NCRNA00008, WT2",H19 imprinted maternally expressed transcript,"H19, imprinted maternally expressed transcript (non-protein coding)|H19, imprinted maternally expressed untranslated mRNA|MIR675 host|adult skeletal muscle|long intergenic non-protein coding RNA 8",11p15.5,11,NC_000011.10,1995176,2001466,minus,6,103280
1019,CDK4,"CMM3, PSK-J3",cyclin dependent kinase 4,cyclin-dependent kinase 4|cell division protein kinase 4,12q14.1,12,NC_000012.12,57747727,57752310,minus,8,123829
4026,LPP,,LIM domain containing preferred translocation partner in lipoma,lipoma-preferred partner|LIM protein|lipoma preferred partner,3q27.3-q28,3,NC_000003.12,188152152,188890671,plus,25,600700
864,RUNX3,"AML2, CBFA3, PEBP2aC",RUNX family transcription factor 3,"runt-related transcription factor 3|CBF-alpha-3|PEA2 alpha C|PEBP2 alpha C|SL3-3 enhancer factor 1 alpha C subunit|SL3/AKV core-binding factor alpha C subunit|acute myeloid leukemia 2 protein|acute myeloid leukemia gene 2|core-binding factor subunit alpha-3|core-binding factor, runt domain, alpha subunit 3|oncogene AML-2|polyomavirus enhancer-binding protein 2 alpha C subunit|runt related transcription factor 3|transcription factor AML2",1p36.11,1,NC_000001.11,24899511,24965158,minus,7,600210
8809,IL18R1,"CD218a, CDw218a, IL-18R-alpha, IL-18Ralpha, IL-1Rrp, IL18RA, IL18Ralpha2, IL1RRP",interleukin 18 receptor 1,interleukin-18 receptor 1|CD218 antigen-like family member A|IL1 receptor-related protein|cytokine receptor|interleukin-18 receptor alpha,2q12.1,2,NC_000002.12,102355796,102398777,plus,13,604494
4790,NFKB1,"CVID12, EBP-1, KBF1, NF-kB, NF-kB1, NF-kappa-B1, NF-kappaB, NF-kappabeta, NFKB-p105, NFKB-p50, NFkappaB",nuclear factor kappa B subunit 1,nuclear factor NF-kappa-B p105 subunit|DNA-binding factor KBF1|nuclear factor NF-kappa-B p50 subunit|nuclear factor kappa-B DNA binding subunit|nuclear factor of kappa light polypeptide gene enhancer in B-cells 1,4q24,4,NC_000004.12,102501266,102617302,plus,27,164011
940,CD28,Tp44,CD28 molecule,T-cell-specific surface glycoprotein CD28,2q33.2,2,NC_000002.12,203706509,203739756,plus,5,186760
8651,SOCS1,"CIS1, CISH1, JAB, SOCS-1, SSI-1, SSI1, TIP-3, TIP3",suppressor of cytokine signaling 1,suppressor of cytokine signaling 1|JAK binding protein|STAT induced SH3 protein 1|STAT-induced STAT inhibitor 1|Tec-interacting protein 3|cytokine-inducible SH2 protein 1,16p13.13,16,NC_000016.10,11254417,11256204,minus,2,603597
3091,HIF1A,"HIF-1-alpha, HIF-1A, HIF-1alpha, HIF1, HIF1-ALPHA, MOP1, PASD8, bHLHe78",hypoxia inducible factor 1 subunit alpha,"hypoxia-inducible factor 1-alpha|ARNT interacting protein|PAS domain-containing protein 8|basic-helix-loop-helix-PAS protein MOP1|class E basic helix-loop-helix protein 78|hypoxia inducible factor 1 alpha subunit|hypoxia inducible factor 1, alpha subunit (basic helix-loop-helix transcription factor)|hypoxia-inducible factor1alpha|member of PAS protein 1|member of PAS superfamily 1",14q23.2,14,NC_000014.9,61695513,61748259,plus,16,603348
2113,ETS1,"ETS-1, EWSR2, c-ets-1, p54","ETS proto-oncogene 1, transcription factor",protein C-ets-1|Avian erythroblastosis virus E26 (v-ets) oncogene homolog-1|v-ets avian erythroblastosis virus E2 oncogene homolog 1|v-ets avian erythroblastosis virus E26 oncogene homolog 1,11q24.3,11,NC_000011.10,128458765,128587593,minus,12,164720
51284,TLR7,"IMD74-like, TLR7",toll like receptor 7,toll-like receptor 7|toll-like receptor 7-like,Xp22.2,X,NC_000023.11,12867072,12890361,plus,3,300365
9844,ELMO1,"CED-12, CED12, ELMO-1",engulfment and cell motility 1,engulfment and cell motility protein 1|ced-12 homolog 1,7p14.2-p14.1,7,NC_000007.14,36852906,37449326,minus,29,606420
3219,HOXB9,"HOX-2.5, HOX2, HOX2E",homeobox B9,homeobox protein Hox-B9|homeo box 2E|homeo box B9|homeobox protein Hox-2.5|homeobox protein Hox-2E,17q21.32,17,NC_000017.11,48621156,48626358,minus,2,142964
3605,IL17A,"CTLA-8, CTLA8, IL-17, IL-17A, IL17",interleukin 17A,interleukin-17A|cytotoxic T-lymphocyte-associated antigen 8|cytotoxic T-lymphocyte-associated protein 8|interleukin 17 (cytotoxic T-lymphocyte-associated serine esterase 8),6p12.2,6,NC_000006.12,52186375,52190638,plus,3,603149
132612,ADAD1,Tenr,adenosine deaminase domain containing 1,adenosine deaminase domain-containing protein 1|adenosine deaminase domain containing 1 (testis-specific)|testis nuclear RNA-binding protein|testis tissue sperm-binding protein Li 92mP,4q27,4,NC_000004.12,122378971,122429815,plus,14,614130
9370,ADIPOQ,"ACDC, ACRP30, ADIPQTL1, ADPN, APM-1, APM1, GBP28","adiponectin, C1Q and collagen domain containing",adiponectin|30 kDa adipocyte complement-related protein|adipocyte complement-related 30 kDa protein|adipose most abundant gene transcript 1 protein|adipose specific collagen-like factor|gelatin-binding protein 28,3q27.3,3,NC_000003.12,186842710,186858463,plus,4,605441
8807,IL18RAP,"ACPL, CD218b, CDw218b, IL-18R-beta, IL-18RAcP, IL-18Rbeta, IL-1R-7, IL-1R7, IL-1RAcPL, IL18RB",interleukin 18 receptor accessory protein,interleukin-18 receptor accessory protein|CD218 antigen-like family member B|IL-18 receptor accessory protein|IL-18 receptor beta|cluster of differentiation w218b|interleukin-1 receptor 7|interleukin-18 receptor beta,2q12.1,2,NC_000002.12,102418550,102452568,plus,15,604509
627,BDNF,"ANON2, BULN2",brain derived neurotrophic factor,brain-derived neurotrophic factor|abrineurin|neurotrophin,11p14.1,11,NC_000011.10,27654893,27722030,minus,12,113505
7421,VDR,"NR1I1, PPP1R163",vitamin D receptor,"vitamin D3 receptor|1,25-dihydroxyvitamin D3 receptor|nuclear receptor subfamily 1 group I member 1|protein phosphatase 1, regulatory subunit 163|vitamin D (1,25- dihydroxyvitamin D3) receptor|vitamin D nuclear receptor variant 1",12q13.11,12,NC_000012.12,47841537,47905022,minus,12,601769
3553,IL1B,"IL-1, IL1-BETA, IL1F2, IL1beta",interleukin 1 beta,interleukin-1 beta|IL-1 beta|catabolin|interleukin 1beta|preinterleukin 1 beta|pro-interleukin-1-beta,2q14.1,2,NC_000002.12,112829751,112836843,minus,7,147720
5996,RGS1,"1R20, BL34, HEL-S-87, IER1, IR20",regulator of G protein signaling 1,"regulator of G-protein signaling 1|B-cell activation protein BL34|early response protein 1R20|epididymis secretory protein Li 87|immediate-early response 1, B-cell specific|regulator of G-protein signalling 1",1q31.2,1,NC_000001.11,192575773,192580024,plus,5,600323
6885,MAP3K7,"CSCF, FMD2, MEKK7, TAK1, TGF1a",mitogen-activated protein kinase kinase kinase 7,mitogen-activated protein kinase kinase kinase 7|TGF-beta activated kinase 1|transforming growth factor-beta-activated kinase 1,6q15,6,NC_000006.12,90513579,90587072,minus,17,602614
1080,CFTR,"ABC35, ABCC7, CF/MRP, MRP7, TNR-CFTR, dJ760C5.1, CFTR",CF transmembrane conductance regulator,"cystic fibrosis transmembrane conductance regulator|cAMP-dependent chloride channel|channel conductance-controlling ATPase|cystic fibrosis transmembrane conductance regulating|cystic fibrosis transmembrane conductance regulator (ATP-binding cassette sub-family C, member 7)",7q31.2,7,NC_000007.14,117480025,117668665,plus,27,602421
7054,TH,"DYT14, DYT5b, TYH",tyrosine hydroxylase,tyrosine 3-monooxygenase|dystonia 14|tyrosine 3-hydroxylase,11p15.5,11,NC_000011.10,2163929,2174081,minus,14,191290
4261,CIITA,"C2TAIV, MHC2TA, NLRA, CIITA",class II major histocompatibility complex transactivator,"MHC class II transactivator|MHC class II transactivator type I|MHC class II transactivator type III|NLR family, acid domain containing|nucleotide-binding oligomerization domain, leucine rich repeat and acid domain containing",16p13.13,16,NC_000016.10,10866208,10941562,plus,27,600005
6775,STAT4,SLEB11,signal transducer and activator of transcription 4,signal transducer and activator of transcription 4|signal transducer and activator of transcription 4 variant 3,2q32.2-q32.3,2,NC_000002.12,191029576,191172684,minus,30,600558
5468,PPARG,"CIMT1, GLM1, NR1C31, PPARG2, PPARG5, PPARgamma, PPARG",peroxisome proliferator activated receptor gamma,peroxisome proliferator-activated receptor gamma|PPAR-gamma|nuclear receptor subfamily 1 group C member 3|peroxisome proliferator-activated nuclear receptor gamma variant 1|peroxisome proliferator-activated receptor-gamma 5|peroxisome proliferator-activated receptor-gamma splicing,3p25.2,3,NC_000003.12,12287368,12434344,plus,14,601487
3952,LEP,"LEPD, OB, OBS",leptin,"leptin|leptin (murine obesity homolog)|leptin (obesity homolog, mouse)|obese protein|obese, mouse, homolog of|obesity factor",7q32.1,7,NC_000007.14,128241201,128257629,plus,3,164160
3676,ITGA4,"CD49D, IA4",integrin subunit alpha 4,"integrin alpha-4|269C wild type|CD49 antigen-like family member D|VLA-4 subunit alpha|alpha 4 subunit of VLA-4 receptor|antigen CD49D, alpha-4 subunit of VLA-4 receptor|integrin alpha-IV|very late activation protein 4 receptor, alpha 4 subunit",2q31.3,2,NC_000002.12,181457205,181538940,plus,29,192975
50943,FOXP3,"AIID, DIETER, IPEX, JM2, PIDX, XPID",forkhead box P3,"forkhead box protein P3|FOXP3delta7|immune dysregulation, polyendocrinopathy, enteropathy, X-linked|immunodeficiency, polyendocrinopathy, enteropathy, X-linked",Xp11.23,X,NC_000023.11,49250436,49264932,minus,12,300292
338332,CELIAC5,GSES,"Celiac disease, susceptibility to, 5","Gluten-sensitive enteropathy, susceptibility to",15q11-q13,15,,,,,,607202
4609,MYC,"MRTLC, bHLHe39, c-Myc, MYC","MYC proto-oncogene, bHLH transcription factor",myc proto-oncogene protein|avian myelocytomatosis viral oncogene homolog|class E basic helix-loop-helix protein 39|myc-related translation/localization regulatory factor|proto-oncogene c-Myc|transcription factor p64|v-myc avian myelocytomatosis viral oncogene homolog|v-myc myelocytomatosis viral oncogene homolog,8q24.21,8,NC_000008.11,127735434,127742951,plus,3,190080
941,CD80,"B7, B7-1, B7.1, BB1, CD28LG, CD28LG1, LAB7",CD80 molecule,"T-lymphocyte activation antigen CD80|B-lymphocyte activation antigen B7|CD80 antigen (CD28 antigen ligand 1, B7-1 antigen)|CTLA-4 counter-receptor B7.1|activation B7-1 antigen|costimulatory factor CD80|costimulatory molecule variant IgV-CD80",3q13.33,3,NC_000003.12,119524293,119559614,minus,7,112203
7052,TGM2,"TG(C), TGC",transglutaminase 2,"protein-glutamine gamma-glutamyltransferase 2|C polypeptide, protein-glutamine-gamma-glutamyltransferase|TGase C|TGase H|TGase-2|tissue transglutaminase|transglutaminase C|transglutaminase H",20q11.23,20,NC_000020.11,38127385,38166508,minus,14,190196
100301522,CELIAC7,,"Celiac disease, susceptibility to, 7",,1q31,1,,,,,,612005
100188875,CELIAC13,,"Celiac disease, susceptibility to, 13",,12q24,12,,,,,,612011
100188874,CELIAC12,,"Celiac disease, susceptibility to, 12",,6q25.3,6,,,,,,612010
100188873,CELIAC11,,"Celiac disease, susceptibility to, 11",,3q28,3,,,,,,612009
100188872,CELIAC10,,"Celiac disease, susceptibility to, 10",,3q25-q26,3,,,,,,612008
100188871,CELIAC9,,"Celiac disease, susceptibility to, 9",,3p21,3,,,,,,612007
100188870,CELIAC8,,"Celiac disease, susceptibility to, 8",,2q11-q12,2,,,,,,612006
100188846,CELIAC6,AIS5,"Celiac disease, susceptibility to, 6",,4q27,4,,,,,,611598
920,CD4,CD4mut,CD4 molecule,T-cell surface glycoprotein CD4|CD4 antigen (p55)|CD4 receptor|T-cell surface antigen T4/Leu-3,12p13.31,12,NC_000012.12,6789528,6820799,plus,11,186940
3662,IRF4,"LSIRF, MUM1, NF-EM5, SHEP8",interferon regulatory factor 4,interferon regulatory factor 4|lymphocyte-specific interferon regulatory factor|multiple myeloma oncogene 1,6p25.3,6,NC_000006.12,391752,411443,plus,10,601900
6647,SOD1,"ALS, ALS1, HEL-S-44, IPOA, SOD, STAHP, hSod1, homodimer",superoxide dismutase 1,"superoxide dismutase [Cu-Zn]|Cu/Zn superoxide dismutase|SOD, soluble|epididymis secretory protein Li 44|indophenoloxidase A|superoxide dismutase 1, soluble|superoxide dismutase, cystolic",21q22.11,21,NC_000021.9,31659693,31668931,plus,5,147450
51311,TLR8,CD288,toll like receptor 8,toll-like receptor 8,Xp22.2,X,NC_000023.11,12906620,12923169,plus,3,300366
5054,SERPINE1,"PAI, PAI-1, PAI1, PLANH1",serpin family E member 1,"plasminogen activator inhibitor 1|endothelial plasminogen activator inhibitor|serine (or cysteine) proteinase inhibitor, clade E (nexin, plasminogen activator inhibitor type 1), member 1|serpin E1|serpin peptidase inhibitor, clade E (nexin, plasminogen activator inhibitor type 1), member 1",7q22.1,7,NC_000007.14,101127104,101139247,plus,9,173360
4547,MTTP,"ABL, MTP",microsomal triglyceride transfer protein,"microsomal triglyceride transfer protein large subunit|microsomal triglyceride transfer protein (large polypeptide, 88kDa)",4q23,4,NC_000004.12,99564130,99623997,plus,19,157147
5444,PON1,"ESA, MVCD5, PON",paraoxonase 1,serum paraoxonase/arylesterase 1|A-esterase 1|K-45|PON 1|aromatic esterase 1|arylesterase 1|arylesterase B-type|esterase A|paraoxonase B-type|serum aryldiakylphosphatase|serum aryldialkylphosphatase 1,7q21.3,7,NC_000007.14,95297676,95324532,minus,9,168820
4650,MYO9B,"CELIAC4, MYR5",myosin IXB,unconventional myosin-IXb|myosin-IXb|unconventional myosin-9b,19p13.11,19,NC_000019.10,17075777,17213286,plus,40,602129
29851,ICOS,"AILIM, CD278, CVID1",inducible T cell costimulator,inducible T-cell costimulator|activation-inducible lymphocyte immunomediatory molecule|inducible T-cell co-stimulator|inducible costimulator,2q33.2,2,NC_000002.12,203936763,203961577,plus,5,604558
3383,ICAM1,"BB2, CD54, P3.58",intercellular adhesion molecule 1,"intercellular adhesion molecule 1|ICAM-1|cell surface glycoprotein P3.58|epididymis secretory sperm binding protein|intercellular adhesion molecule 1 (CD54), human rhinovirus receptor|major group rhinovirus receptor",19p13.2,19,NC_000019.10,10271120,10286615,plus,7,147840
3428,IFI16,"IFNGIP1, PYHIN2",interferon gamma inducible protein 16,gamma-interferon-inducible protein 16|interferon-gamma induced protein IFI 16|interferon-inducible myeloid differentiation transcriptional activator,1q23.1,1,NC_000001.11,158999976,159055151,plus,15,147586
4153,MBL2,"COLEC1, HSMBPC, MBLD, MBP, MBP-C, MBP1, MBPD, MBL2",mannose binding lectin 2,"mannose-binding protein C|collectin-1|mannan-binding lectin|mannose-binding lectin (protein C) 2, soluble (opsonic defect)|mannose-binding lectin 2, soluble (opsonic defect)",10q21.1,10,NC_000010.11,52765380,52772784,minus,5,154545
3146,HMGB1,"HMG-1, HMG1, HMG3, SBP-1",high mobility group box 1,high mobility group protein B1|Amphoterin|Sulfoglucuronyl carbohydrate binding protein|high-mobility group (nonhistone chromosomal) protein 1,13q12.3,13,NC_000013.11,30456704,30617597,minus,9,163905
3077,HFE,"HFE1, HH, HLA-H, MVCD7, TFQTL2",homeostatic iron regulator,hereditary hemochromatosis protein|MHC class I-like protein HFE|hereditary hemochromatosis protein HLA-H|high Fe,6p22.2,6,NC_000006.12,26087347,26098343,plus,7,613609
51738,GHRL,MTLRP,ghrelin and obestatin prepropeptide,"appetite-regulating hormone|In2c-preproghrelin|ghrelin, growth hormone secretagogue receptor ligand|ghrelin/obestatin preprohormone|ghrelin/obestatin prepropeptide|growth hormone-releasing peptide|motilin-related peptide|prepro-appetite regulatory hormone|preproghrelin",3p25.3,3,NC_000003.12,10285666,10292947,minus,7,605353
6696,SPP1,"BNSP, BSPI, ETA-1, OPN",secreted phosphoprotein 1,"osteopontin|SPP1/CALPHA1 fusion|early T-lymphocyte activation 1|nephropontin|osteopontin/immunoglobulin alpha 1 heavy chain constant region fusion protein|secreted phosphoprotein 1 (osteopontin, bone sialoprotein I, early T-lymphocyte activation 1)|secreted phosphoprotein 1 variant 6|urinary stone protein|uropontin",4q22.1,4,NC_000004.12,87975714,87983411,plus,8,166490
5966,REL,C-Rel,"REL proto-oncogene, NF-kB subunit","proto-oncogene c-Rel|oncogene REL, avian reticuloendotheliosis|v-rel avian reticuloendotheliosis viral oncogene homolog",2p16.1,2,NC_000002.12,60881521,60931612,plus,12,164910
3606,IL18,"IGIF, IL-18, IL-1g, IL1F4",interleukin 18,interleukin-18|IFN-gamma-inducing factor|IL-1 gamma|iboctadekin|interleukin 18 (interferon-gamma-inducing factor)|interleukin-1 gamma,11q23.1,11,NC_000011.10,112143251,112164104,minus,6,600953
7185,TRAF1,"EBI6, MGC:10353",TNF receptor associated factor 1,TNF receptor-associated factor 1|Epstein-Bar virus-induced protein 6,9q33.2,9,NC_000009.12,120902393,120929171,minus,10,601711
3135,HLA-G,MHC-G,"major histocompatibility complex, class I, G","HLA class I histocompatibility antigen, alpha chain G|HLA G antigen|HLA-G histocompatibility antigen, class I, G|MHC class I antigen G|MHC class Ib antigen|b2 microglobulin|mutant MHC class I antigen|mutant MHC class Ib antigen",6p22.1,6,NC_000006.12,29826474,29831130,plus,10,142871
100507436,MICA,"MIC-A, PERB11.1",MHC class I polypeptide-related sequence A,MHC class I polypeptide-related sequence A|HLA class I antigen|MHC class I chain-related protein A|MHC class I related chain A|MHC class I related sequence A|major histocompatibility complex class I chain-related protein A|stress inducible class I homolog|truncated MHC class I polypeptide-related sequence A|truncated MICA,6p21.33,6,NC_000006.12,31400711,31415315,plus,7,600169
3600,IL15,IL-15,interleukin 15,interleukin-15,4q31.21,4,NC_000004.12,141636583,141733987,plus,10,600554
3604,TNFRSF9,"4-1BB, CD137, CDw137, ILA",TNF receptor superfamily member 9,"tumor necrosis factor receptor superfamily member 9|4-1BB ligand receptor|CD137 antigen|T cell antigen ILA|T-cell antigen 4-1BB homolog|homolog of mouse 4-1BB|induced by lymphocyte activation (ILA)|interleukin-activated receptor, homolog of mouse Ly63|receptor protein 4-1BB",1p36.23,1,NC_000001.11,7915871,7941607,minus,9,602250
4282,MIF,"GIF, GLIF, MMIF",macrophage migration inhibitory factor,macrophage migration inhibitory factor|L-dopachrome isomerase|L-dopachrome tautomerase|epididymis secretory sperm binding protein|macrophage migration inhibitory factor (glycosylation-inhibiting factor)|phenylpyruvate tautomerase,22q11.23,22,NC_000022.11,23894383,23895223,plus,3,153620
79068,FTO,"ALKBH9, BMIQ14, GDFD",FTO alpha-ketoglutarate dependent dioxygenase,alpha-ketoglutarate-dependent dioxygenase FTO|AlkB homolog 9|U6 small nuclear RNA (2'-O-methyladenosine-N(6)-)-demethylase FTO|U6 small nuclear RNA N(6)-methyladenosine-demethylase FTO|fat mass and obesity associated|fat mass and obesity-associated protein|m6A(m)-demethylase FTO|mRNA (2'-O-methyladenosine-N(6)-)-demethylase FTO|mRNA N(6)-methyladenosine demethylase FTO|tRNA N1-methyl adenine demethylase FTO,16q12.2,16,NC_000016.10,53703963,54121941,plus,16,610966
929,CD14,,CD14 molecule,monocyte differentiation antigen CD14|myeloid cell-specific leucine-rich glycoprotein,5q31.3,5,NC_000005.10,140631732,140633701,minus,3,158120
6772,STAT1,"CANDF7, IMD31A, IMD31B, IMD31C, ISGF-3, STAT91",signal transducer and activator of transcription 1,"signal transducer and activator of transcription 1-alpha/beta|signal transducer and activator of transcription 1, 91kD|signal transducer and activator of transcription 1, 91kDa|transcription factor ISGF-3 components p91/p84",2q32.2,2,NC_000002.12,190968989,191014197,minus,26,600555
8764,TNFRSF14,"ATAR, CD270, HVEA, HVEM, LIGHTR, TR2",TNF receptor superfamily member 14,"tumor necrosis factor receptor superfamily member 14|CD40-like protein|herpes virus entry mediator A|tumor necrosis factor receptor superfamily, member 14 (herpesvirus entry mediator)|tumor necrosis factor receptor-like gene2",1p36.32,1,NC_000001.11,2556371,2563829,plus,8,602746
387,RHOA,"ARH12, ARHA, EDFAOB, RHO12, RHOH12",ras homolog family member A,transforming protein RhoA|Aplysia ras-related homolog 12|epididymis secretory sperm binding protein|oncogene RHO H12|small GTP binding protein RhoA,3p21.31,3,NC_000003.12,49359145,49411976,minus,7,165390
3107,HLA-C,"D6S204, HLA-JY3, HLAC, HLC-C, MHC, PSORS1","major histocompatibility complex, class I, C","HLA class I histocompatibility antigen, C alpha chain|HLA-C antigen|MHC class I antigen heavy chain HLA-C|human leukocyte antigen-C alpha chain|major histocompatibility antigen HLA-C",6p21.33,6,NC_000006.12,31268749,31272092,minus,8,142840
26191,PTPN22,"LYP, LYP1, LYP2, PEP.5, PTPN22.6, PTPN8, PTPN22",protein tyrosine phosphatase non-receptor type 22,"tyrosine-protein phosphatase non-receptor type 22|PEST-domain phosphatase|hematopoietic cell protein-tyrosine phosphatase 70Z-PEP|lymphoid-specific protein tyrosine phosphatase|protein tyrosine phosphatase, non-receptor type 22 (lymphoid)|protein tyrosine phosphatase, non-receptor type 8",1p13.2,1,NC_000001.11,113813811,113871761,minus,24,600716
1233,CCR4,"CC-CKR-4, CD194, CKR4, CMKBR4, ChemR13, HGCN:14099, K5-5",C-C motif chemokine receptor 4,C-C chemokine receptor type 4|C-C CKR-4|CCR-4|chemokine (C-C motif) receptor 4|chemokine (C-C) receptor 4,3p22.3,3,NC_000003.12,32951555,32956349,plus,2,604836
9241,NOG,"SYM1, SYNS1, SYNS1A",noggin,noggin|symphalangism 1 (proximal),17q22,17,NC_000017.11,56593699,56595611,plus,1,602991
196,AHR,"RP85, bHLHe76",aryl hydrocarbon receptor,aryl hydrocarbon receptor|AH-receptor|ah receptor|aromatic hydrocarbon receptor|class E basic helix-loop-helix protein 76,7p21.1,7,NC_000007.14,17298652,17346147,plus,11,600253
54106,TLR9,CD289,toll like receptor 9,toll-like receptor 9,3p21.2,3,NC_000003.12,52221080,52225645,minus,2,605474
56729,RETN,"ADSF, FIZZ31, RSTN, XCP1, RETN",resistin,resistin|C/EBP-epsilon regulated myeloid-specific secreted cysteine-rich protein precursor 1|adipose tissue-specific secretory factor|c/EBP-epsilon-regulated myeloid-specific secreted cysteine-rich protein|cysteine-rich secreted protein A12-alpha-like 2|cysteine-rich secreted protein FIZZ3|found in inflammatory zone 3|resistin delta2,19p13.2,19,NC_000019.10,7669049,7670455,plus,4,605565
9622,KLK4,"AI2A1, ARM1, EMSP, EMSP1, KLK-L1, PRSS17, PSTS, kallikrein",kallikrein related peptidase 4,kallikrein-4|androgen-regulated message 1|enamel matrix serine protease 1|enamel matrix serine proteinase 1|kallikrein-like protein 1|prostase|serine protease 17,19q13.41,19,NC_000019.10,50906351,50910745,minus,6,603767
1656,DDX6,"HLR2, IDDILF, P54, RCK, Rck/p54",DEAD-box helicase 6,"probable ATP-dependent RNA helicase DDX6|ATP-dependent RNA helicase p54|DEAD (Asp-Glu-Ala-Asp) box helicase 6|DEAD (Asp-Glu-Ala-Asp) box polypeptide 6|DEAD box protein 6|DEAD box-6|DEAD/H (Asp-Glu-Ala-Asp/His) box polypeptide 6 (RNA helicase, 54kD)|oncogene RCK",11q23.3,11,NC_000011.10,118747763,118791696,minus,16,600326
3627,CXCL10,"C7, IFI10, INP10, IP-10, SCYB10, crg-2, gIP-10, mob-1",C-X-C motif chemokine ligand 10,"C-X-C motif chemokine 10|10 kDa interferon gamma-induced protein|gamma IP10|interferon-inducible cytokine IP-10|protein 10 from interferon (gamma)-induced cell line|small inducible cytokine subfamily B (Cys-X-Cys), member 10|small-inducible cytokine B10",4q21.1,4,NC_000004.12,76021118,76023497,minus,4,147310
150962,PUS10,"CCDC139, DOBI, Hup10",pseudouridine synthase 10,tRNA pseudouridine synthase Pus10|coiled-coil domain containing 139|coiled-coil domain-containing protein 139|pseudouridylate synthase 10|psi55 synthase|putative tRNA pseudouridine synthase Pus10|tRNA pseudouridine 55 synthase|tRNA pseudouridylate synthase|tRNA-uridine isomerase,2p16.1-p15,2,NC_000002.12,60940218,61019693,minus,25,612787
1387,CREBBP,"CBP, KAT3A, MKHK1, RSTS, RSTS1",CREB binding protein,CREB-binding protein|histone lysine acetyltransferase CREBBP|protein-lysine acetyltransferase CREBBP,16p13.3,16,NC_000016.10,3725054,3880727,minus,33,600140
1803,DPP4,"ADABP, ADCP2, CD26, DPPIV, TP103",dipeptidyl peptidase 4,"dipeptidyl peptidase 4|ADCP-2|DPP IV|Gly-Pro naphthylamidase|Post-proline dipeptidyl aminopeptidase IV|T-cell activation antigen CD26|Xaa-Pro-dipeptidylaminopeptidase|adenosine deaminase complexing protein 2|dipeptidyl peptidase IV|dipeptidylpeptidase 4|dipeptidylpeptidase IV (CD26, adenosine deaminase complexing protein 2)",2q24.2,2,NC_000002.12,161992245,162074215,minus,28,102720
2212,FCGR2A,"CD32, CD32A, CDw32, FCG2, FCGR21, FcGR, IGFR2, FCGR2A",Fc fragment of IgG receptor IIa,"low affinity immunoglobulin gamma Fc region receptor II-a|Fc fragment of IgG, low affinity IIa, receptor (CD32)|Fc gamma receptor RIIa3|Immunoglobulin G Fc receptor II|fc-gamma-RIIa|fcRII-a|igG Fc receptor II-a",1q23.3,1,NC_000001.11,161505430,161524048,plus,12,146790
154215,NKAIN2,"FAM77B, NKAIP2, TCBA, TCBA1",sodium/potassium transporting ATPase interacting 2,sodium/potassium-transporting ATPase subunit beta-1-interacting protein 2|Na(+)/K(+)-transporting ATPase subunit beta-1-interacting protein 2|Na+/K+ transporting ATPase interacting 2|T-cell lymphoma breakpoint-associated target protein 1,6q22.31,6,NC_000006.12,123803842,124825652,plus,11,609758
10803,CCR9,"CC-CKR-9, CDw199, GPR-9-6, GPR28",C-C motif chemokine receptor 9,C-C chemokine receptor type 9|G protein-coupled receptor 28|chemokine (C-C motif) receptor 9,3p21.31,3,NC_000003.12,45886064,45903174,plus,6,604738
1268,CNR1,"CANN6, CB-R, CB1, CB1A, CB1K5, CB1R, CNR",cannabinoid receptor 1,cannabinoid receptor 1|cannabinoid receptor 1 (brain)|central cannabinoid receptor,6q15,6,NC_000006.12,88139864,88167349,minus,8,114610
3240,HP,"BP2ALPHA2, HPA1S, HP",haptoglobin,"haptoglobin|binding peptide|haptoglobin alpha(1S)-beta|haptoglobin alpha(2FS)-beta|haptoglobin, alpha polypeptide|haptoglobin, beta polypeptide|zonulin",16q22.2,16,NC_000016.10,72054505,72061055,plus,7,140100
3559,IL2RA,"CD25, IDDM10, IL2R, IMD41, TCGFR, p55",interleukin 2 receptor subunit alpha,"interleukin-2 receptor subunit alpha|IL-2 receptor subunit alpha|IL-2R subunit alpha|TAC antigen|interleukin 2 receptor, alpha",10p15.1,10,NC_000010.11,6010689,6062367,minus,8,147730
5806,PTX3,"TNFAIP5, TSG-14",pentraxin 3,pentraxin-related protein PTX3|TNF alpha-induced protein 5|long pentraxin 3|tumor necrosis factor alpha-induced protein 5|tumor necrosis factor-inducible gene 14 protein|tumor necrosis factor-inducible protein TSG-14,3q25.32,3,NC_000003.12,157436850,157443633,plus,3,602492
3593,IL12B,"CLMF, CLMF2, IL-12B, IMD28, IMD29, NKSF, NKSF2",interleukin 12B,"interleukin-12 subunit beta|CLMF p40|IL-12 subunit p40|IL12, subunit p40|NK cell stimulatory factor chain 2|cytotoxic lymphocyte maturation factor 40 kDa subunit|interleukin 12, p40|interleukin 12B (natural killer cell stimulatory factor 2, cytotoxic lymphocyte maturation factor 2, p40)|interleukin-12 beta chain|natural killer cell stimulatory factor, 40 kD subunit",5q33.3,5,NC_000005.10,159314780,159330487,minus,8,161561
149233,IL23R,,interleukin 23 receptor,interleukin-23 receptor|IL-23 receptor,1p31.3,1,NC_000001.11,67138639,67259979,plus,13,607562
6285,S100B,"NEF, S100, S100-B, S100beta",S100 calcium binding protein B,"protein S100-B|S-100 calcium-binding protein, beta chain|S-100 protein subunit beta|S100 calcium-binding protein, beta (neural)",21q22.3,21,NC_000021.9,46598604,46605243,minus,3,176990
6280,S100A9,"60B8AG, CAGB, CFAG, CGLB, L1AG, LIAG, MAC387, MIF, MRP14, NIF, P14",S100 calcium binding protein A9,protein S100-A9|MRP-14|calgranulin B|calprotectin L1H subunit|leukocyte L1 complex heavy chain|migration inhibitory factor-related protein 14,1q21.3,1,NC_000001.11,153357854,153361023,plus,3,123886
3817,KLK2,"KLK2A2, hGK-1, hK2",kallikrein related peptidase 2,"kallikrein-2|glandular kallikrein 2|glandular kallikrein-1|kallikrein 2, prostatic|tissue kallikrein-2",19q13.33,19,NC_000019.10,50873439,50880567,plus,5,147960
85480,TSLP,,thymic stromal lymphopoietin,thymic stromal lymphopoietin,5q22.1,5,NC_000005.10,111070062,111078026,plus,6,607003
23274,CLEC16A,"Gop-1, KIAA0350",C-type lectin domain containing 16A,protein CLEC16A|C-type lectin domain family 16 member A,16p13.13,16,NC_000016.10,10944539,11193272,plus,35,611303
23308,ICOSLG,"B7-H2, B7H2, B7RP-1, B7RP1, B7h, CD275, GL50, ICOS-L, ICOSL, LICOS",inducible T cell costimulator ligand,ICOS ligand|B7 homolog 2|B7 homologue 2|B7-like protein Gl50|B7-related protein 1|transmembrane protein B7-H2 ICOS ligand,21q22.3,21,NC_000021.9,44216979,44240943,minus,9,605717
2214,FCGR3A,"CD16, CD16A, FCG3, FCGR3, FCGRIII, FCR-10, FCRIII, FCRIIIA, IGFR3, IMD20",Fc fragment of IgG receptor IIIa,"low affinity immunoglobulin gamma Fc region receptor III-A|CD16a antigen|Fc fragment of IgG, low affinity III, receptor for (CD16)|Fc fragment of IgG, low affinity IIIa, receptor (CD16a)|Fc gamma receptor III-A|Fc-gamma RIII-alpha|Fc-gamma receptor III-2 (CD 16)|Fc-gamma receptor IIIb (CD16)|FcgammaRIIIA|igG Fc receptor III-2|immunoglobulin G Fc receptor III|low affinity immunoglobulin gamma receptor III-a Fc fragment|neutrophil-specific antigen NA",1q23.3,1,NC_000001.11,161541759,161550737,minus,7,146740
3115,HLA-DPB1,"DPB1, HLA-DP, HLA-DP1B, HLA-DPB","major histocompatibility complex, class II, DP beta 1","HLA class II histocompatibility antigen, DP beta 1 chain|HLA class II histocompatibility antigen, DP(W4) beta chain|HLA-DP histocompatibility type, beta-1 subunit|MHC HLA DPB1|MHC class II HLA-DP-beta-1|MHC class II antigen DPB1",6p21.32,6,NC_000006.12,33075990,33089696,plus,6,142858
6401,SELE,"CD62E, ELAM, ELAM1, ESEL, LECAM2",selectin E,E-selectin|CD62 antigen-like family member E|ELAM-1|endothelial adhesion molecule 1|endothelial leukocyte adhesion molecule 1|leukocyte endothelial cell adhesion molecule 2,1q24.2,1,NC_000001.11,169722640,169734079,minus,14,131210
30835,CD209,"CDSIGN, CLEC4L, DC-SIGN, DC-SIGN1",CD209 molecule,CD209 antigen|C-type lectin domain family 4 member L|HIV gpl20-binding protein|dendritic cell-specific ICAM-3-grabbing non-integrin 1|dendritic cell-specific intercellular adhesion molecule-3-grabbing non-integrin|dendritic cell-specific intracellular adhesion molecules (ICAM)-3 grabbing non-integrin,19p13.2,19,NC_000019.10,7739993,7747534,minus,6,604672
3767,KCNJ11,"BIR, HHF2, IKATP, KIR6.2, MODY13, PHHI, PNDM2, TNDM3",potassium inwardly rectifying channel subfamily J member 11,"ATP-sensitive inward rectifier potassium channel 11|beta-cell inward rectifier subunit|inward rectifier K(+) channel Kir6.2|inwardly rectifing potassium channel subfamily J member 11|inwardly rectifying potassium channel KIR6.2|inwardly-rectifying potassium channel subfamily J member 11|potassium channel inwardly rectifing subfamily J member 11|potassium channel, inwardly rectifying subfamily J member 11|potassium voltage-gated channel subfamily J member 11",11p15.1,11,NC_000011.10,17385246,17389346,minus,4,600937
3570,IL6R,"CD126, HIES5, IL-6R-1, IL-6RA, IL6Q, IL6QTLA, IL6RQ, gp80, IL6R",interleukin 6 receptor,interleukin-6 receptor subunit alpha|CD126 antigen|IL-6 receptor subunit alpha|membrane glycoprotein 80,1q21.3,1,NC_000001.11,154405343,154469450,plus,14,147880
7037,TFRC,"CD71, IMD46, T9, TFR, TFR1, TR, TRFR, p90",transferrin receptor,transferrin receptor protein 1,3q29,3,NC_000003.12,196018694,196082123,minus,24,190010
5796,PTPRK,R-PTP-kappa,protein tyrosine phosphatase receptor type K,"receptor-type tyrosine-protein phosphatase kappa|dJ480J14.2.1 (protein tyrosine phosphatase, receptor type, K (R-PTP-KAPPA, protein tyrosine phosphatase kappa , protein tyrosine phosphatase kappa|protein-tyrosine phosphatase kappa|protein-tyrosine phosphatase, receptor type, kappa",6q22.33,6,NC_000006.12,127968785,128520603,minus,40,602545
3659,IRF1,"IRF-1, MAR",interferon regulatory factor 1,interferon regulatory factor 1,5q31.1,5,NC_000005.10,132481609,132490789,minus,10,147575
2876,GPX1,"GPXD, GSHPX1",glutathione peroxidase 1,glutathione peroxidase 1|GSHPx-1|cellular glutathione peroxidase|selenoprotein GPX1,3p21.31,3,NC_000003.12,49357176,49358353,minus,2,138320
7473,WNT3,"INT4, TETAMS",Wnt family member 3,"proto-oncogene Wnt-3|WNT-3 proto-oncogene protein|proto-oncogene Int-4 homolog|wingless-type MMTV integration site family, member 3",17q21.31-q21.32,17,NC_000017.11,46762506,46818692,minus,5,165330
7295,TXN,"TRDX, TRX, TRX1",thioredoxin,thioredoxin|ADF|ATL-derived factor|SASP|TXN delta 3|surface-associated sulphydryl protein|testicular tissue protein Li 199|thioredoxin delta 3,9q31.3,9,NC_000009.12,110243810,110256507,minus,5,187700
4774,NFIA,"BRMUTD, CTF, NF-I/A, NF1-A, NFI-A, NFI-L",nuclear factor I A,nuclear factor 1 A-type|CCAAT-box-binding transcription factor|TGGCA-binding protein,1p31.3,1,NC_000001.11,61077227,61462788,plus,15,600727
4046,LSP1,"WP34, pp52",lymphocyte specific protein 1,lymphocyte-specific protein 1|47 kDa actin binding protein|52 kDa phosphoprotein|F-actin binding and cytoskeleton associated protein|leufactin (leukocyte F-actin binding protein)|leukocyte-specific protein 1|lymphocyte-specific antigen WP34,11p15.5,11,NC_000011.10,1853084,1892263,plus,16,153432
5617,PRL,GHA1,prolactin,prolactin|decidual prolactin|growth hormone A1,6p22.3,6,NC_000006.12,22287246,22302897,minus,7,176760
2833,CXCR3,"CD182, CD183, CKR-L2, CMKAR3, GPR9, IP10-R, Mig-R, MigR",C-X-C motif chemokine receptor 3,C-X-C chemokine receptor type 3|G protein-coupled receptor 9|IP-10 receptor|Mig receptor|chemokine (C-X-C motif) receptor 3|chemokine receptor 3|interferon-inducible protein 10 receptor,Xq13.1,X,NC_000023.11,71615913,71618515,minus,4,300574
29089,UBE2T,"FANCT, HSPC150, PIG50",ubiquitin conjugating enzyme E2 T,ubiquitin-conjugating enzyme E2 T|E2 ubiquitin-conjugating enzyme T|HSPC150 protein similar to ubiquitin-conjugating enzyme|cell proliferation-inducing gene 50 protein|ubiquitin carrier protein T|ubiquitin conjugating enzyme E2T|ubiquitin-conjugating enzyme E2T (putative)|ubiquitin-protein ligase T,1q32.1,1,NC_000001.11,202331657,202341936,minus,7,610538
6376,CX3CL1,"ABCD-3, C3Xkine, CXC3, CXC3C, NTN, NTT, SCYD1, fractalkine, neurotactin",C-X3-C motif chemokine ligand 1,"fractalkine|C-X3-C motif chemokine 1|CX3C membrane-anchored chemokine|chemokine (C-X3-C motif) ligand 1|small inducible cytokine subfamily D (Cys-X3-Cys), member 1 (fractalkine, neurotactin)|small inducible cytokine subfamily D (Cys-X3-Cys), member-1|small-inducible cytokine D1",16q21,16,NC_000016.10,57372490,57385044,plus,3,601880
1524,CX3CR1,"CCRL1, CMKBRL1, CMKDR1, GPR13, GPRV28, V28",C-X3-C motif chemokine receptor 1,CX3C chemokine receptor 1|C-X3-C CKR-1|CMK-BRL-1|CMK-BRL1|G-protein coupled receptor 13|beta chemokine receptor-like 1|chemokine (C-C) receptor-like 1|chemokine (C-X3-C motif) receptor 1|chemokine (C-X3-C) receptor 1|fractalkine receptor,3p22.2,3,NC_000003.12,39263494,39281735,minus,5,601470
9332,CD163,"M130, MM130, SCARI1",CD163 molecule,scavenger receptor cysteine-rich type 1 protein M130|hemoglobin scavenger receptor|macrophage-associated antigen,12p13.31,12,NC_000012.12,7470811,7503808,minus,16,605545
3002,GZMB,"C11, CCPI, CGL-1, CGL1, CSP-B, CSPB, CTLA1, CTSGL1, HLP, SECT",granzyme B,"granzyme B|T-cell serine protease 1-3E|cathepsin G-like 1|cytotoxic T-lymphocyte proteinase 2|cytotoxic serine protease B|fragmentin 2|granzyme B (granzyme 2, cytotoxic T-lymphocyte-associated serine esterase 1)|human lymphocyte protein",14q12,14,NC_000014.9,24630954,24634190,minus,5,123910
2018,EMX2,,empty spiracles homeobox 2,homeobox protein EMX2|empty spiracles homolog 2|empty spiracles-like protein 2,10q26.11,10,NC_000010.11,117542746,117549546,plus,3,600035
1269,CNR2,"CB-2, CB2, CX5",cannabinoid receptor 2,cannabinoid receptor 2|cannabinoid receptor 2 (macrophage),1p36.11,1,NC_000001.11,23870515,23913362,minus,6,605051
100,ADA,ADA1,adenosine deaminase,adenosine deaminase|adenosine aminohydrolase,20q13.12,20,NC_000020.11,44619522,44651699,minus,12,608958
4092,SMAD7,"CRCS3, MADH7, MADH8",SMAD family member 7,"mothers against decapentaplegic homolog 7|MAD (mothers against decapentaplegic, Drosophila) homolog 7|MAD homolog 8|Mothers against decapentaplegic, drosophila, homolog of, 7|SMAD, mothers against DPP homolog 7|hSMAD7|mothers against DPP homolog 8",18q21.1,18,NC_000018.10,48919853,48950965,minus,5,602932
943,TNFRSF8,"CD30, D1S166E, Ki-1",TNF receptor superfamily member 8,tumor necrosis factor receptor superfamily member 8|CD30L receptor|Ki-1 antigen|cytokine receptor CD30|lymphocyte activation antigen CD30,1p36.22,1,NC_000001.11,12063303,12144213,plus,16,153243
430,ASCL2,"ASH2, HASH2, MASH2, bHLHa45",achaete-scute family bHLH transcription factor 2,achaete-scute homolog 2|achaete-scute complex homolog 2|achaete-scute complex-like 2|class A basic helix-loop-helix protein 45|mammalian achaete/scute homologue 2,11p15.5,11,NC_000011.10,2268498,2270588,minus,2,601886
55554,KLK15,"ACO, HSRNASPH",kallikrein related peptidase 15,kallikrein-15|ACO protease|kallikrein-like serine protease|prostinogen,19q13.33,19,NC_000019.10,50825289,50834337,minus,6,610601
57178,ZMIZ1,"MIZ, NEDDFSA, RAI17, TRAFIP10, ZIMP10",zinc finger MIZ-type containing 1,"zinc finger MIZ domain-containing protein 1|retinoic acid induced 17|zinc finger-containing, Miz1, PIAS-like protein on chromosome 10",10q22.3,10,NC_000010.11,79068966,79316519,plus,30,607159
10477,UBE2E3,"UBCH9, UbcM2",ubiquitin conjugating enzyme E2 E3,"ubiquitin-conjugating enzyme E2 E3|E2 ubiquitin-conjugating enzyme E3|ubiquitin carrier protein E3|ubiquitin conjugating enzyme E2E 3|ubiquitin-conjugating enzyme E2-23 kDa|ubiquitin-conjugating enzyme E2E 3 (UBC4/5 homolog, yeast)|ubiquitin-conjugating enzyme E2E 3 (homologous to yeast UBC4/5)|ubiquitin-protein ligase E3",2q31.3,2,NC_000002.12,180980360,181063427,plus,10,604151
677,ZFP36L1,"BRF1, Berg36, ERF-1, ERF1, RNF162B, TIS11B, cMG1",ZFP36 ring finger protein like 1,"mRNA decay activator protein ZFP36L1|EGF-response factor 1|TPA-induced sequence 11b|ZFP36-like 1|butyrate response factor 1|early response factor Berg36|zinc finger protein 36, C3H type-like 1|zinc finger protein 36, C3H1 type-like 1|zinc finger protein, C3H type, 36-like 1",14q24.1,14,NC_000014.9,68787655,68796243,minus,4,601064
7136,TNNI2,"AMCD2B, DA2B, DA2B1, FSSV, fsTnI","troponin I2, fast skeletal type","troponin I, fast skeletal muscle|troponin I fast twitch 2|troponin I type 2 (skeletal, fast)|troponin I, skeletal, fast",11p15.5,11,NC_000011.10,1838981,1841678,plus,10,191043
2169,FABP2,"FABPI, I-FABP",fatty acid binding protein 2,"fatty acid-binding protein, intestinal|fatty acid binding protein 2, intestinal|intestinal-type fatty acid-binding protein",4q26,4,NC_000004.12,119317250,119322138,minus,4,134640
3938,LCT,"LAC, LPH, LPH1",lactase,lactase-phlorizin hydrolase|lactase-glycosylceramidase|lactase-phlorizin hydrolase-1,2q21.3,2,NC_000002.12,135787850,135837195,minus,17,603202
22841,RAB11FIP2,"Rab11-FIP2, nRip11",RAB11 family interacting protein 2,rab11 family-interacting protein 2|RAB11 family interacting protein 2 (class I),10q26.11,10,NC_000010.11,118004916,118046941,minus,7,608599
53347,UBASH3A,"CLIP4, STS-2, TULA, TULA-1",ubiquitin associated and SH3 domain containing A,ubiquitin-associated and SH3 domain-containing protein A|T-cell ubiquitin ligand 1|T-cell ubiquitin ligand protein|cbl-interacting protein 4|suppressor of T-cell receptor signaling 2,21q22.3,21,NC_000021.9,42403880,42447684,plus,16,605736
6890,TAP1,"ABC17, ABCB2, APT1, D6S114E, PSF-1, PSF1, RING4*0102N, TAP1N, TAP1","transporter 1, ATP binding cassette subfamily B member","antigen peptide transporter 1|ABC transporter, MHC 1|ATP-binding cassette sub-family B member 2|ATP-binding cassette, sub-family B (MDR/TAP), member 2|peptide supply factor 1|peptide transporter PSF1|peptide transporter TAP1|peptide transporter involved in antigen processing 1|really interesting new gene 4 protein|transporter 1 ATP-binding cassette sub-family B|transporter 1, ATP-binding cassette, sub-family B (MDR/TAP)|transporter associated with antigen processing|transporter, ATP-binding cassette, major histocompatibility complex, 1",6p21.32,6,NC_000006.12,32845209,32853704,minus,12,170260
55054,ATG16L1,"APG16L, ATG16A, ATG16L, IBD10, WDR30",autophagy related 16 like 1,autophagy-related protein 16-1|APG16L beta|ATG16 autophagy related 16-like 1|WD repeat domain 30,2q37.1,2,NC_000002.12,233251647,233295674,plus,19,610767
5341,PLEK,P47,pleckstrin,pleckstrin|platelet 47 kDa protein,2p14,2,NC_000002.12,68365282,68397453,plus,9,173570
7043,TGFB3,"ARVD, ARVD1, LDS5, RNHF, TGF-beta3",transforming growth factor beta 3,transforming growth factor beta-3 proprotein|prepro-transforming growth factor beta-3,14q24.3,14,NC_000014.9,75958097,75983011,minus,8,190230
3125,HLA-DRB3,"DRB3, HLA-DPB1, HLA-DR1B, HLA-DR3B*, HLA-DRB3","major histocompatibility complex, class II, DR beta 3","major histocompatibility complex, class II, DR beta 3|HLA DRB3|HLA class II histocompatibility antigen, DR beta 3 chain|MHC class II DR beta chain|MHC class II HLA-DR beta 3 chain|MHC class II antigen DR beta 3 chain|MHC class II antigen DRB3|MHC class II protein|human leucocyte antigen DRB3",6p21.3,6,,,,,,612735
7140,TNNT3,"DA2B2, TNTF, beta-TnTF","troponin T3, fast skeletal type","troponin T, fast skeletal muscle|troponin T type 3 (skeletal, fast)",11p15.5,11,NC_000011.10,1919551,1938704,plus,22,600692
56983,POGLUT1,"C3orf9, CLP46, KDELCL1, KTELC1, LGMD2Z, LGMDR21, MDS010, MDSRP, Rumi, hCLP46",protein O-glucosyltransferase 1,protein O-glucosyltransferase 1|9630046K23Rik|CAP10-like 46 kDa protein|KDELC family like 1|KTEL (Lys-Tyr-Glu-Leu) containing 1|KTEL motif-containing protein 1|O-glucosyltransferase Rumi homolog|hRumi|myelodysplastic syndromes relative protein|protein O-xylosyltransferase POGLUT1|x 010 protein,3q13.33,3,NC_000003.12,119468955,119494708,plus,13,615618
200734,SPRED2,Spred-2,sprouty related EVH1 domain containing 2,"sprouty-related, EVH1 domain-containing protein 2|sprouty protein with EVH-1 domain 2, related sequence",2p14,2,NC_000002.12,65307425,65432599,minus,10,609292
127833,SYT2,"CMS7, MYSPC, SytII",synaptotagmin 2,synaptotagmin-2|synaptotagmin II,1q32.1,1,NC_000001.11,202590596,202710454,minus,11,600104
5445,PON2,,paraoxonase 2,serum paraoxonase/arylesterase 2|A-esterase 2|PON 2|aromatic esterase 2|arylesterase 2|paraoxonase nirs|serum aryldialkylphosphatase 2,7q21.3,7,NC_000007.14,95404862,95435028,minus,9,602447
3811,KIR3DL1,"CD158E1, KIR, KIR2DL5B/S1, NKAT-3, NKAT3, NKB1, NKB1B, KIR3DL1","killer cell immunoglobulin like receptor, three Ig domains and long cytoplasmic tail 1","killer cell immunoglobulin-like receptor 3DL1|CD158 antigen-like family member E|HLA-BW4-specific inhibitory NK cell receptor|KIR antigen 3DL1|killer cell immunoglobulin-like receptor, three domains, long cytoplasmic tail, 1|natural killer-associated transcript 3|p70 NK receptor CL-2/CL-11|p70 killer cell inhibitory receptor|p70 natural killer cell receptor clones CL-2/CL-11",19q13.42,19,NC_000019.10,54816438,54830778,plus,9,604946
150223,YDJC,,YdjC chitooligosaccharide deacetylase homolog,carbohydrate deacetylase|UPF0249 protein ydjC homolog|YdjC homolog,22q11.21,22,NC_000022.11,21628089,21630022,minus,5,
10371,SEMA3A,"COLL1, HH16, Hsema-I, Hsema-III, SEMA1, SEMAD, SEMAIII, SEMAL, SemD, coll-1",semaphorin 3A,"semaphorin-3A|collapsin 1|sema domain, immunoglobulin domain (Ig), short basic domain, secreted, (semaphorin) 3A|semaphorin D|semaphorin III|semaphorin L",7q21.11,7,NC_000007.14,83955777,84515189,minus,25,603961
4277,MICB,PERB11.2,MHC class I polypeptide-related sequence B,MHC class I polypeptide-related sequence B|MHC class I antigen-related protein B|MHC class I chain-related protein B|MHC class I mic-B antigen|MHC class I-like molecule PERB11.2-IMX|stress inducible class I homolog,6p21.33,6,NC_000006.12,31494918,31511124,plus,7,602436
6891,TAP2,"ABC18, ABCB3, APT2, D6S217E, PSF-2, PSF2, RING11","transporter 2, ATP binding cassette subfamily B member","antigen peptide transporter 2|ABC transporter, MHC 2|ATP-binding cassette, sub-family B (MDR/TAP), member 3|peptide supply factor 2|peptide transporter PSF2|peptide transporter involved in antigen processing 2|really interesting new gene 11 protein|transporter 2, ABC (ATP binding cassette)|transporter 2, ATP-binding cassette, sub-family B (MDR/TAP)",6p21.32,6,NC_000006.12,32821831,32838739,minus,13,170261
7051,TGM1,"ARCI1, ICR2, KTG, LI, LI1, TGASE, TGK",transglutaminase 1,"protein-glutamine gamma-glutamyltransferase K|K polypeptide epidermal type I, protein-glutamine-gamma-glutamyltransferase|TG(K)|TGase K|TGase-1|epidermal TGase|transglutaminase K|transglutaminase, keratinocyte",14q12,14,NC_000014.9,24249114,24263177,minus,15,190195
3492,IGH,"IGD1.1@, IGH@, IGHD@, IGHDY1, IGHJ, IGHJ@, IGHV, IGHV@, IGH",immunoglobulin heavy locus,"D (diversity) region of heavy chains|J (joining) region of heavy chains|immunglobulin heavy chain variable region|immunoglobulin heavy diversity cluster|immunoglobulin heavy diversity group|immunoglobulin heavy diversity locus|immunoglobulin heavy joining cluster|immunoglobulin heavy joining group|immunoglobulin heavy polypeptide, joining region|immunoglobulin heavy variable cluster|immunoglobulin heavy variable group",14q32.33,14,NC_000014.9,105586437,106879844,minus,0,"146910,147010,147070"
2524,FUT2,"B12QTL1, SE, SEC2, Se2, sej",fucosyltransferase 2,"galactoside alpha-(1,2)-fucosyltransferase 2|GDP-L-fucose:beta-D-galactoside 2-alpha-L-fucosyltransferase 2|alpha (1,2) fucosyltransferase|alpha(1,2)FT 2|alpha(1,2)FT2|fucosyltransferase 2 (secretor status included)|galactoside 2-L-fucosyltransferase|galactoside 2-alpha-L-fucosyltransferase 2|secretor blood group alpha-2-fucosyltransferase|secretor factor|truncated fucosyltransferase 2|type 1 galactoside alpha-(1,2)-fucosyltransferase FUT2|type 2 galactoside alpha-(1,2)-fucosyltransferase FUT2",19q13.33,19,NC_000019.10,48695971,48705951,plus,2,182100
55816,DOK5,"C20orf180, IRS-6, IRS6",docking protein 5,docking protein 5|downstream of tyrosine kinase 5|insulin receptor substrate 6,20q13.2,20,NC_000020.11,54475593,54651171,plus,11,608334
58533,SNX6,"MSTP010, TFAF2",sorting nexin 6,sorting nexin-6|TRAF4-associated factor 2|tumor necrosis factor receptor-associated factor 4(TRAF4)-associated factor 2,14q13.1,14,NC_000014.9,34561093,34630148,minus,14,606098
8808,IL1RL2,"IL-1Rrp2, IL-36R, IL1R-rp2, IL1RRP2",interleukin 1 receptor like 2,interleukin-1 receptor-like 2|IL-1 receptor-related protein 2|IL-36 receptor|interleukin-1 receptor-related protein 2,2q12.1,2,NC_000002.12,102186973,102242910,plus,15,604512
4660,PPP1R12B,"MYPT2, PP1bp55",protein phosphatase 1 regulatory subunit 12B,"protein phosphatase 1 regulatory subunit 12B|myosin phosphatase target subunit 2|myosin phosphatase-targeting subunit 2|protein phosphatase 1, regulatory (inhibitor) subunit 12B",1q32.1,1,NC_000001.11,202348699,202592702,plus,33,603768
10301,DLEU1,"BCMS, BCMS1, DLB1, DLEU2, LEU1, LEU2, LINC00021, NCRNA00021, XTP6",deleted in lymphocytic leukemia 1,B-cell neoplasia-associated gene with multiple splicing|deleted in lymphocytic leukemia 1 (non-protein coding)|leukemia-associated protein 2|long intergenic non-protein coding RNA 21,13q14.2-q14.3,13,NC_000013.11,50082169,50528643,plus,8,605765
57514,ARHGAP31,"AOS1, CDGAP",Rho GTPase activating protein 31,rho GTPase-activating protein 31|Cdc42 GTPase-activating protein,3q13.32-q13.33,3,NC_000003.12,119294289,119420714,plus,12,610911
79258,MMEL1,"MMEL2, NEP2, NEPII, NL1, NL2, SEP",membrane metalloendopeptidase like 1,membrane metallo-endopeptidase-like 1|NEP2(m)|membrane metallo-endopeptidase-like 2|neprilysin II|neprilysin-2|soluble secreted endopeptidase|zinc metallopeptidase,1p36.32,1,NC_000001.11,2590639,2633042,minus,26,618104
387357,THEMIS,"C6orf190, C6orf207, GASP, SPOT, TSEPA",thymocyte selection associated,protein THEMIS|GRB2-associated protein|signaling phosphoprotein specific for T cells|thymocyte selection pathway associated|thymocyte-expressed molecule involved in selection,6q22.33,6,NC_000006.12,127708194,127918605,minus,12,613607
101928376,IL12A-AS1,ILAS1-AS1,IL12A antisense RNA 1,CTD-2049J23.2,3q25.33,3,NC_000003.12,159913400,160207092,minus,10,
164656,TMPRSS6,"IRIDA, MT2",transmembrane serine protease 6,"transmembrane protease serine 6|matriptase-2|membrane-bound mosaic serine proteinase matriptase-2|transmembrane protease, serine 6|type II transmembrane serine protease 6",22q12.3,22,NC_000022.11,37065436,37110625,minus,23,609862
81606,LBH,,LBH regulator of WNT signaling pathway,protein LBH|hLBH|limb bud and heart development homolog|limb bud and heart development protein homolog,2p23.1,2,NC_000002.12,30231534,30260028,plus,4,611763
26147,PHF19,"MTF2L1, PCL3, TDRD19B",PHD finger protein 19,PHD finger protein 19|polycomb like 3|polycomb-like protein 3|tudor domain containing 19B,9q33.2,9,NC_000009.12,120855651,120902160,minus,21,609740
9034,CCRL2,"ACKR5, CKRX, CRAM, CRAM-A, CRAM-B, HCR",C-C motif chemokine receptor like 2,C-C chemokine receptor-like 2|atypical chemokine receptor 5|chemokine (C-C motif) receptor-like 2|chemokine receptor CCR11|chemokine receptor X|putative MCP-1 chemokine receptor,3p21.31,3,NC_000003.12,46407166,46409523,plus,5,608379
3804,KIR2DL3,"CD158B2, CD158b, GL183, KIR-023GB, KIR-K7b, KIR-K7c, KIR2DL, KIR2DS5, KIRCL23, NKAT, NKAT2, NKAT2A, NKAT2B, p58","killer cell immunoglobulin like receptor, two Ig domains and long cytoplasmic tail 3","killer cell immunoglobulin-like receptor 2DL3|CD158 antigen-like family member B2|NKAT-2|killer cell immunoglobulin-like receptor two domains long cytoplasmic tail 3|killer cell immunoglobulin-like receptor, two domains, short cytoplasmic tail, 5|killer inhibitory receptor cl 2-3|natural killer associated transcript 2|natural killer cell inhibitory receptor KIR2DL3|p58 NK receptor CL-6|p58 natural killer cell receptor clone CL-6|p58.2 MHC class-I specific NK receptor",19q13.42,19,NC_000019.10,54738513,54753052,plus,8,604938
4891,SLC11A2,"AHMIO1, DCT1, DMT1, NRAMP2",solute carrier family 11 member 2,"natural resistance-associated macrophage protein 2|DMT-1|NRAMP 2|divalent cation transporter 1|solute carrier family 11 (proton-coupled divalent metal ion transporter), member 2|solute carrier family 11 (proton-coupled divalent metal ion transporters), member 2",12q13.12,12,NC_000012.12,50952263,51028886,minus,25,600523
5266,PI3,"ESI, SKALP, WAP3, WFDC14, cementoin",peptidase inhibitor 3,"elafin|PI-3|WAP four-disulfide core domain 14|WAP four-disulfide core domain protein 14|elastase-specific inhibitor|peptidase inhibitor 3, skin-derived|pre-elafin|protease inhibitor 3, skin-derived (SKALP)|protease inhibitor WAP3|skin-derived antileukoproteinase|trappin-2",20q13.12,20,NC_000020.11,45174902,45176544,plus,3,182257
3803,KIR2DL2,"CD158B1, CD158b, NKAT-6, NKAT6, p58.2","killer cell immunoglobulin like receptor, two Ig domains and long cytoplasmic tail 2","killer cell immunoglobulin-like receptor 2DL2|CD158 antigen-like family member B1|MHC class I NK cell receptor|killer cell immunoglobulin-like receptor, two domains, long cytoplasmic tail, 2|natural killer-associated transcript 6|p58 NK receptor CL-43|p58 natural killer cell receptor clone CL-43",19q13.4,19,,,,,,604937
5967,REG1A,"ICRF, P19, PSP, PSPS, PSPS1, PTP, REG",regenerating family member 1 alpha,"lithostathine-1-alpha|REG-1-alpha|islet cells regeneration factor|islet of langerhans regenerating protein|pancreatic stone protein, secretory|pancreatic thread protein|protein-X|regenerating islet-derived protein 1-alpha|regenerating protein I alpha",2p12,2,NC_000002.12,79120488,79123409,plus,6,167770
6150,MRPL23,"L23MRP, RPL23, RPL23L",mitochondrial ribosomal protein L23,"39S ribosomal protein L23, mitochondrial|L23 mitochondrial-related protein|L23mt|MRP-L23|mitochondrial large ribosomal subunit protein uL23m|ribosomal protein related to L23 (mitochondrial)",11p15.5,11,NC_000011.10,1947272,2013176,plus,11,600789
284099,C17orf78,,chromosome 17 open reading frame 78,uncharacterized protein C17orf78,17q12,17,NC_000017.11,37375332,37392708,plus,7,
3549,IHH,"BDA1, HHG2",Indian hedgehog signaling molecule,indian hedgehog protein|Indian hedgehog homolog,2q35,2,NC_000002.12,219054424,219060921,minus,3,600726
55892,MYNN,"OSZF, SBBIZ1, ZBTB31, ZNF902",myoneurin,myoneurin|zinc finger and BTB domain-containing protein 31|zinc finger protein with BTB/POZ domain,3q26.2,3,NC_000003.12,169773396,169789716,plus,9,606042
54768,HYDIN,"CILD51, HYDIN2, PPP1R31, HYDIN",HYDIN axonemal central pair apparatus protein,"hydrocephalus-inducing protein homolog|protein phosphatase 1, regulatory subunit 31",16q22.2,16,NC_000016.10,70802084,71230722,minus,92,610812
3601,IL15RA,CD215,interleukin 15 receptor subunit alpha,"interleukin-15 receptor subunit alpha|interleukin 15 receptor, alpha",10p15.1,10,NC_000010.11,5948897,5978741,minus,13,601070
10537,UBD,"FAT10, GABBR1-3, UBD",ubiquitin D,ubiquitin D|diubiquitin|ubiquitin-like protein FAT10,6p22.1,6,NC_000006.12,29555515,29559732,minus,2,606050
5270,SERPINE2,"GDN, GDNPF, PI-7, PI7, PN-1, PN1, PNI",serpin family E member 2,"glia-derived nexin|glial-derived neurite promoting factor|peptidase inhibitor 7|protease nexin I|serpin E2|serpin peptidase inhibitor, clade E (nexin, plasminogen activator inhibitor type 1), member 2",2q36.1,2,NC_000002.12,223975045,224039286,minus,13,177010
345611,IRGM,"IFI11, LRG-47, LRG47, IRGM",immunity related GTPase M,"immunity-related GTPase family M protein|LPS-stimulated RAW 264.7 macrophage protein 47 homolog|LRG-47-like protein|immunity-related GTPase family, M1|interferon-inducible protein 1",5q33.1,5,NC_000005.10,150846521,150902402,plus,5,608212
917,CD3G,"CD3-GAMMA, IMD17, T3G",CD3g molecule,"T-cell surface glycoprotein CD3 gamma chain|CD3g antigen, gamma polypeptide (TiT3 complex)|CD3g molecule, epsilon (CD3-TCR complex)|CD3g molecule, gamma (CD3-TCR complex)|T-cell antigen receptor complex, gamma subunit of T3|T-cell receptor T3 gamma chain",11q23.3,11,NC_000011.10,118344344,118355161,plus,7,186740
7179,TPTE,"CT44, PTEN2",transmembrane phosphatase with tensin homology,"putative tyrosine-protein phosphatase TPTE|PTEN-related tyrosine phosphatase|cancer/testis antigen 44|tensin, putative protein-tyrosine phosphatase|tumor antigen BJ-HCC-5",21p11.2,21,NC_000021.9,10521583,10605716,plus,24,604336
1670,DEFA5,"DEF5, HD-5",defensin alpha 5,"defensin-5|HD5(20-94)|defensin, alpha 5, Paneth cell-specific|defensin, alpha 5, preproprotein",8p23.1,8,NC_000008.11,7055304,7056739,minus,2,600472
79722,ANKRD55,,ankyrin repeat domain 55,ankyrin repeat domain-containing protein 55,5q11.2,5,NC_000005.10,56099680,56233330,minus,14,615189
89796,NAV1,"POMFIL3, STEERIN1, UNC53H1",neuron navigator 1,neuron navigator 1|pore membrane and/or filament interacting like protein 3|unc-53 homolog 1,1q32.1,1,NC_000001.11,201648322,201826974,plus,31,611628
2936,GSR,"GRD, HEL-75, HEL-S-122m, GSR",glutathione-disulfide reductase,"glutathione reductase, mitochondrial|GRase|epididymis luminal protein 75|epididymis secretory sperm binding protein Li 122m|glutathione S-reductase",8p12,8,NC_000008.11,30678066,30727846,minus,13,138300
29970,SCHIP1,SCHIP-1,schwannomin interacting protein 1,schwannomin-interacting protein 1,3q25.32-q25.33,3,NC_000003.12,159273244,159897359,plus,9,
7053,TGM3,"TGE, UHS2",transglutaminase 3,"protein-glutamine gamma-glutamyltransferase E|E polypeptide, protein-glutamine-gamma-glutamyltransferase|TG(E)|TGase E|TGase-3|transglutaminase E",20p13,20,NC_000020.11,2296001,2341079,plus,13,600238
55837,EAPP,"BM036, C14orf11",E2F associated phosphoprotein,E2F-associated phosphoprotein,14q13.1,14,NC_000014.9,34515938,34539721,minus,7,609486
6769,STAC,STAC1,SH3 and cysteine rich domain,SH3 and cysteine-rich domain-containing protein|SRC homology 3 and cysteine-rich domain-containing protein,3p22.3-p22.2,3,NC_000003.12,36380343,36548007,plus,14,602317
5446,PON3,,paraoxonase 3,serum paraoxonase/lactonase 3|arylesterase 3|paraoxanase-3,7q21.3,7,NC_000007.14,95359872,95396375,minus,9,602720
3682,ITGAE,"CD103, HUMINAE",integrin subunit alpha E,"integrin alpha-E|HML-1 antigen|antigen CD103, human mucosal lymphocyte antigen 1; alpha polypeptide|human mucosal lymphocyte antigen 1, alpha polypeptide|integrin alpha-IEL|integrin, alpha E (antigen CD103, human mucosal lymphocyte antigen 1; alpha polypeptide)|mucosal lymphocyte 1 antigen",17p13.2,17,NC_000017.11,3714628,3803766,minus,32,604682
90019,SYT8,,synaptotagmin 8,synaptotagmin-8|synaptotagmin VIII|sytVIII,11p15.5,11,NC_000011.10,1827484,1837521,plus,12,607719
55351,STK32B,"HSA250839, STK32, STKG6, YANK2",serine/threonine kinase 32B,serine/threonine-protein kinase 32B|gene for serine/threonine protein kinase|yet another novel kinase 2,4p16.2,4,NC_000004.12,5051480,5500994,plus,19,
57531,HACE1,SPPRS,HECT domain and ankyrin repeat containing E3 ubiquitin protein ligase 1,E3 ubiquitin-protein ligase HACE1|HECT-type E3 ubiquitin transferase HACE1,6q16.3,6,NC_000006.12,104728094,104859919,minus,27,610876
23150,FRMD4B,"6030440G05Rik, GRSP1",FERM domain containing 4B,FERM domain-containing protein 4B|GRP1-binding protein GRSP1,3p14.1,3,NC_000003.12,69168782,69541340,minus,32,617467
987,LRBA,"BGL, CDC4L, CVID8, LAB300, LBA",LPS responsive beige-like anchor protein,"lipopolysaccharide-responsive and beige-like anchor protein|CDC4-like protein|LPS-responsive vesicle trafficking, beach and anchor containing|vesicle trafficking, beach and anchor containing",4q31.3,4,NC_000004.12,150264435,151015727,minus,61,606453
389015,SLC9A4,NHE4,solute carrier family 9 member A4,"sodium/hydrogen exchanger 4|NHE-4|Na(+)/H(+) exchanger 4|solute carrier family 9 (sodium/hydrogen exchanger), member 4|solute carrier family 9 member 4|solute carrier family 9, subfamily A (NHE4, cation proton antiporter 4), member 4",2q12.1,2,NC_000002.12,102473226,102533974,plus,12,600531
5537,PPP6C,"PP6, PP6C",protein phosphatase 6 catalytic subunit,serine/threonine-protein phosphatase 6 catalytic subunit|serine/threonine protein phosphatase catalytic subunit,9q33.3,9,NC_000009.12,125146573,125189803,minus,10,612725
2957,GTF2A1,"TF2A1, TFIIA, TFIIA-42, TFIIAL",general transcription factor IIA subunit 1,"transcription initiation factor IIA subunit 1|TFIIA alpha/beta subunits|general transcription factor IIA 1|general transcription factor IIA, 1, 19/37kDa|glucose regulated protein, 58kD pseudogene|transcription initiation factor TFIIA 42 kDa subunit",14q31.1,14,NC_000014.9,81175452,81221390,minus,11,600520
5090,PBX3,,PBX homeobox 3,pre-B-cell leukemia transcription factor 3|homeobox protein PBX3|pre-B-cell leukemia homeobox 3,9q33.3,9,NC_000009.12,125747372,125967377,plus,11,176312
85319,BAGE2,CT2.2,BAGE family member 2,"B melanoma antigen family member 2|cancer/testis antigen 2.2|cancer/testis antigen family 2, member 2|histone-lysine N-methyltransferase 2C",21p11.2,21,NC_000021.9,10413497,10518274,plus,13,617776
606293,KLKP1,"KARMA, KLK31P, KRSP1, PsiKLK1, YKLK1",kallikrein pseudogene 1,kallikrein 31 pseudogene|kallikrein-related protein|kallikrein-related sequence from prostate,19q13.33,19,NC_000019.10,50882096,50896398,minus,5,
8174,MADCAM1,MACAM1,mucosal vascular addressin cell adhesion molecule 1,mucosal addressin cell adhesion molecule 1|MAdCAM-1|hMAdCAM-1,19p13.3,19,NC_000019.10,496486,505343,plus,5,102670
11221,DUSP10,"MKP-5, MKP5",dual specificity phosphatase 10,dual specificity protein phosphatase 10|dual specificity phosphatase MKP-5|map kinase phosphatase 5|mitogen-activated protein kinase phosphatase 5|serine/threonine specific protein phosphatase,1q41,1,NC_000001.11,221701424,221742091,minus,5,608867
84103,C4orf17,,chromosome 4 open reading frame 17,uncharacterized protein C4orf17,4q23,4,NC_000004.12,99511004,99542303,plus,9,
130872,AHSA2P,"AHA1, AHSA2, Hch1","activator of HSP90 ATPase homolog 2, pseudogene","AHA1, activator of heat shock 90kDa protein ATPase homolog 2|activator of 90 kDa heat shock protein ATPase homolog 2",2p15,2,NC_000002.12,61177418,61188925,plus,9,
4295,MLN,,motilin,promotilin|prepromotilin,6p21.31,6,NC_000006.12,33794673,33804003,minus,5,158270
2907,GRINA,"HNRGW, LFG1, NMDARA1, TMBIM3",glutamate ionotropic receptor NMDA type subunit associated protein 1,"protein lifeguard 1|NMDA receptor glutamate-binding subunit|glutamate [NMDA] receptor-associated protein 1|glutamate receptor, NMDA subtype, glutamate-binding subunit|glutamate receptor, ionotropic, N-methyl D-aspartate-associated protein 1 (glutamate binding)|lifeguard 1|putative MAPK-activating protein PM02|transmembrane BAX inhibitor motif containing 3|transmembrane BAX inhibitor motif-containing protein 3",8q24.3,8,NC_000008.11,143990056,143993415,plus,7,138251
159296,NKX2-3,"CSX3, NK2.3, NKX2.3, NKX2C, NKX4-3",NK2 homeobox 3,"homeobox protein Nkx-2.3|NK2 transcription factor related, locus 3|homeobox protein NK-2 homolog C",10q24.2,10,NC_000010.11,99532942,99536524,plus,3,606727
50941,IBD5,,inflammatory bowel disease 5,,5q31-q33,5,,,,,,606348
162282,ANKFN1,,ankyrin repeat and fibronectin type III domain containing 1,ankyrin repeat and fibronectin type-III domain-containing protein 1,17q22,17,NC_000017.11,56110935,56517016,plus,32,
150160,CCT8L2,CESK1,chaperonin containing TCP1 subunit 8 like 2,"T-complex protein 1 subunit theta-like 2|chaperonin containing TCP1, subunit 8 (theta)-like 2|putative T-complex protein 1 subunit theta-like 2",22q11.1,22,NC_000022.11,16590751,16592810,minus,1,
101927156,LINC01934,,long intergenic non-protein coding RNA 1934,,2q31.3,2,NC_000002.12,181123837,181399553,plus,5,
100131327,UQCRC2P1,,ubiquinol-cytochrome c reductase core protein 2 pseudogene 1,ubiquinol-cytochrome c reductase core protein II pseudogene 1,3p21.31,3,NC_000003.12,46310388,46311976,minus,0,
101927840,LOC101927840,,uncharacterized LOC101927840,,2q33.2,2,NC_000002.12,203932315,203940824,minus,5,
553128,KIR2DL5B,"KIR2DL5, KIR2DL5.2, KIR2DLX","killer cell immunoglobulin like receptor, two Ig domains and long cytoplasmic tail 5B","killer cell immunoglobulin-like receptor 2DL5B|CD158 antigen-like family member F2|killer Ig receptor|killer cell immunoglobulin-like receptor 2DL5|killer cell immunoglobulin-like receptor 2DLX|killer cell immunoglobulin-like receptor two domains long cytoplasmic tail 5|killer cell immunoglobulin-like receptor, two domains, long cytoplasmic tail, 5B|killer-cell Ig-like receptor",19p13.3,19,,,,,,615727
192343,NEWENTRY,,Record to support submission of GeneRIFs for a gene not in Gene (human; man).,,,,,,,,,
414760,HCG14,dJ111M5.4,HLA complex group 14,HLA complex group 14 (non-protein coding),6p22.1,6,NC_000006.12,28896530,28897320,plus,2,